{"sessionId": "583a4f", "hypothesisId": "H3-H5", "location": "scoring.py:process_result", "message": "star awarded on completion", "data": {"movement": "raise_both_arms", "stars_awarded": 1, "total_stars": 1, "attempt_count": 1}, "timestamp": 1785069578165}
{"sessionId": "583a4f", "hypothesisId": "H3-H5", "location": "scoring.py:process_result", "message": "star awarded on completion", "data": {"movement": "raise_both_arms", "stars_awarded": 1, "total_stars": 1, "attempt_count": 1}, "timestamp": 1785069578304}
{"sessionId": "583a4f", "hypothesisId": "H3-H5", "location": "scoring.py:process_result", "message": "star awarded on completion", "data": {"movement": "side_reach", "stars_awarded": 1, "total_stars": 1, "attempt_count": 1}, "timestamp": 1785069578468}
{"sessionId": "583a4f", "hypothesisId": "H3-H5", "location": "scoring.py:process_result", "message": "star awarded on completion", "data": {"movement": "knee_lift_or_step", "stars_awarded": 1, "total_stars": 1, "attempt_count": 1}, "timestamp": 1785069578500}
{"sessionId": "583a4f", "hypothesisId": "H3-H5", "location": "scoring.py:process_result", "message": "star awarded on completion", "data": {"movement": "raise_both_arms", "stars_awarded": 1, "total_stars": 1, "attempt_count": 1}, "timestamp": 1785069578681}
{"sessionId": "583a4f", "hypothesisId": "H3-H5", "location": "scoring.py:process_result", "message": "star awarded on completion", "data": {"movement": "raise_both_arms", "stars_awarded": 1, "total_stars": 1, "attempt_count": 1}, "timestamp": 1785069578714}
{"sessionId": "583a4f", "hypothesisId": "H3", "location": "scoring.py:process_result", "message": "star blocked - attempt already completed", "data": {"movement": "raise_both_arms", "attempt_completed": true}, "timestamp": 1785069578720}
{"sessionId": "583a4f", "hypothesisId": "H3-H5", "location": "scoring.py:process_result", "message": "star awarded on completion", "data": {"movement": "raise_both_arms", "stars_awarded": 1, "total_stars": 1, "attempt_count": 1}, "timestamp": 1785069578762}
{"sessionId": "583a4f", "hypothesisId": "H3-H5", "location": "scoring.py:process_result", "message": "star awarded on completion", "data": {"movement": "raise_both_arms", "stars_awarded": 1, "total_stars": 2, "attempt_count": 2}, "timestamp": 1785069578776}
{"sessionId": "583a4f", "hypothesisId": "H3-H5", "location": "scoring.py:process_result", "message": "star awarded on completion", "data": {"movement": "raise_both_arms", "stars_awarded": 1, "total_stars": 1, "attempt_count": 1}, "timestamp": 1785069578817}
{"sessionId": "583a4f", "hypothesisId": "H3-H5", "location": "scoring.py:process_result", "message": "star awarded on completion", "data": {"movement": "raise_both_arms", "stars_awarded": 1, "total_stars": 1, "attempt_count": 1}, "timestamp": 1785069578866}
{"sessionId": "583a4f", "hypothesisId": "H3-H5", "location": "scoring.py:process_result", "message": "star awarded on completion", "data": {"movement": "raise_both_arms", "stars_awarded": 1, "total_stars": 1, "attempt_count": 1}, "timestamp": 1785069578911}
{"sessionId": "583a4f", "hypothesisId": "H3-H5", "location": "scoring.py:process_result", "message": "star awarded on completion", "data": {"movement": "raise_both_arms", "stars_awarded": 1, "total_stars": 1, "attempt_count": 1}, "timestamp": 1785069578948}
{"sessionId": "583a4f", "hypothesisId": "H3-H5", "location": "scoring.py:process_result", "message": "star awarded on completion", "data": {"movement": "raise_both_arms", "stars_awarded": 1, "total_stars": 1, "attempt_count": 1}, "timestamp": 1785069579463}
{"sessionId": "583a4f", "hypothesisId": "H3", "location": "scoring.py:process_result", "message": "star blocked - attempt already completed", "data": {"movement": "raise_both_arms", "attempt_completed": true}, "timestamp": 1785069579464}
{"sessionId": "583a4f", "hypothesisId": "H3-H5", "location": "scoring.py:process_result", "message": "star awarded on completion", "data": {"movement": "raise_both_arms", "stars_awarded": 1, "total_stars": 1, "attempt_count": 1}, "timestamp": 1785069607188}
{"sessionId": "583a4f", "hypothesisId": "H3", "location": "scoring.py:process_result", "message": "star blocked - attempt already completed", "data": {"movement": "raise_both_arms", "attempt_completed": true}, "timestamp": 1785069607190}
{"sessionId": "583a4f", "hypothesisId": "H3", "location": "scoring.py:process_result", "message": "star blocked - attempt already completed", "data": {"movement": "raise_both_arms", "attempt_completed": true}, "timestamp": 1785069607191}
{"sessionId": "583a4f", "hypothesisId": "H3", "location": "scoring.py:process_result", "message": "star blocked - attempt already completed", "data": {"movement": "raise_both_arms", "attempt_completed": true}, "timestamp": 1785069607193}
{"sessionId": "583a4f", "hypothesisId": "H3", "location": "scoring.py:process_result", "message": "star blocked - attempt already completed", "data": {"movement": "raise_both_arms", "attempt_completed": true}, "timestamp": 1785069607195}
{"sessionId": "583a4f", "hypothesisId": "H3", "location": "scoring.py:process_result", "message": "star blocked - attempt already completed", "data": {"movement": "raise_both_arms", "attempt_completed": true}, "timestamp": 1785069607196}
{"sessionId": "583a4f", "hypothesisId": "H3-H5", "location": "scoring.py:process_result", "message": "star awarded on completion", "data": {"movement": "raise_both_arms", "stars_awarded": 1, "total_stars": 1, "attempt_count": 1}, "timestamp": 1785069607202}
{"sessionId": "583a4f", "hypothesisId": "H3-H5", "location": "scoring.py:process_result", "message": "star awarded on completion", "data": {"movement": "raise_both_arms", "stars_awarded": 1, "total_stars": 2, "attempt_count": 2}, "timestamp": 1785069607203}
{"sessionId": "583a4f", "hypothesisId": "H3-H5", "location": "scoring.py:process_result", "message": "star awarded on completion", "data": {"movement": "raise_both_arms", "stars_awarded": 1, "total_stars": 1, "attempt_count": 1}, "timestamp": 1785069607212}
{"sessionId": "583a4f", "hypothesisId": "H3-H5", "location": "scoring.py:process_result", "message": "star awarded on completion", "data": {"movement": "raise_both_arms", "stars_awarded": 1, "total_stars": 1, "attempt_count": 1}, "timestamp": 1785069607239}
{"sessionId": "583a4f", "hypothesisId": "H3-H5", "location": "scoring.py:process_result", "message": "star awarded on completion", "data": {"movement": "side_reach", "stars_awarded": 1, "total_stars": 2, "attempt_count": 2}, "timestamp": 1785069607252}
{"sessionId": "583a4f", "hypothesisId": "H3-H5", "location": "scoring.py:process_result", "message": "star awarded on completion", "data": {"movement": "raise_both_arms", "stars_awarded": 1, "total_stars": 1, "attempt_count": 1}, "timestamp": 1785069607293}
{"sessionId": "583a4f", "hypothesisId": "H3-H5", "location": "scoring.py:process_result", "message": "star awarded on completion", "data": {"movement": "raise_both_arms", "stars_awarded": 1, "total_stars": 1, "attempt_count": 1}, "timestamp": 1785069607300}
{"sessionId": "583a4f", "hypothesisId": "H3-H5", "location": "scoring.py:process_result", "message": "star awarded on completion", "data": {"movement": "raise_both_arms", "stars_awarded": 1, "total_stars": 1, "attempt_count": 1}, "timestamp": 1785069607308}
{"sessionId": "583a4f", "hypothesisId": "H3-H5", "location": "scoring.py:process_result", "message": "star awarded on completion", "data": {"movement": "raise_both_arms", "stars_awarded": 1, "total_stars": 1, "attempt_count": 1}, "timestamp": 1785069607313}
{"sessionId": "583a4f", "hypothesisId": "H3-H5", "location": "scoring.py:process_result", "message": "star awarded on completion", "data": {"movement": "raise_both_arms", "stars_awarded": 1, "total_stars": 18, "attempt_count": 21}, "timestamp": 1785069868537}
{"sessionId": "583a4f", "hypothesisId": "H6-H9", "location": "api.py:_evaluate_live_frame", "message": "side_reach evaluation", "data": {"side": "left", "feedback_code": "reach_left", "completed": false, "consecutive_samples": 0, "landmark_count": 12}, "timestamp": 1785069892945}
{"sessionId": "583a4f", "hypothesisId": "H6-H9", "location": "api.py:_evaluate_live_frame", "message": "side_reach evaluation", "data": {"side": "left", "feedback_code": "reach_left", "completed": false, "consecutive_samples": 0, "landmark_count": 12}, "timestamp": 1785069894869}
{"sessionId": "583a4f", "hypothesisId": "H6-H9", "location": "api.py:_evaluate_live_frame", "message": "side_reach evaluation", "data": {"side": "left", "feedback_code": "reach_left", "completed": false, "consecutive_samples": 0, "landmark_count": 12}, "timestamp": 1785069896963}
{"sessionId": "583a4f", "hypothesisId": "H6-H9", "location": "api.py:_evaluate_live_frame", "message": "side_reach evaluation", "data": {"side": "left", "feedback_code": "reach_left", "completed": false, "consecutive_samples": 0, "landmark_count": 12}, "timestamp": 1785069898818}
{"sessionId": "583a4f", "hypothesisId": "H6-H9", "location": "api.py:_evaluate_live_frame", "message": "side_reach evaluation", "data": {"side": "left", "feedback_code": "reach_left", "completed": false, "consecutive_samples": 0, "landmark_count": 12}, "timestamp": 1785069901709}
{"sessionId": "583a4f", "hypothesisId": "H6-H9", "location": "api.py:_evaluate_live_frame", "message": "side_reach evaluation", "data": {"side": "left", "feedback_code": "reach_left", "completed": false, "consecutive_samples": 0, "landmark_count": 12}, "timestamp": 1785069902876}
{"sessionId": "583a4f", "hypothesisId": "H6-H9", "location": "api.py:_evaluate_live_frame", "message": "side_reach evaluation", "data": {"side": "left", "feedback_code": "reach_left", "completed": false, "consecutive_samples": 0, "landmark_count": 12}, "timestamp": 1785069909211}
{"sessionId": "583a4f", "hypothesisId": "H6-H9", "location": "api.py:_evaluate_live_frame", "message": "side_reach evaluation", "data": {"side": "left", "feedback_code": "reach_left", "completed": false, "consecutive_samples": 0, "landmark_count": 12}, "timestamp": 1785069910868}
{"sessionId": "583a4f", "hypothesisId": "H6-H9", "location": "api.py:_evaluate_live_frame", "message": "side_reach evaluation", "data": {"side": "left", "feedback_code": "reach_left", "completed": false, "consecutive_samples": 0, "landmark_count": 12}, "timestamp": 1785069913013}
{"sessionId": "583a4f", "hypothesisId": "H6-H9", "location": "api.py:_evaluate_live_frame", "message": "side_reach evaluation", "data": {"side": "left", "feedback_code": "reach_left", "completed": false, "consecutive_samples": 0, "landmark_count": 12}, "timestamp": 1785069914877}
{"sessionId": "583a4f", "hypothesisId": "H6-H9", "location": "api.py:_evaluate_live_frame", "message": "side_reach evaluation", "data": {"side": "left", "feedback_code": "reach_left", "completed": false, "consecutive_samples": 0, "landmark_count": 12}, "timestamp": 1785069916841}
{"sessionId": "583a4f", "hypothesisId": "H6-H9", "location": "api.py:_evaluate_live_frame", "message": "side_reach evaluation", "data": {"side": "left", "feedback_code": "reach_left", "completed": false, "consecutive_samples": 0, "landmark_count": 12}, "timestamp": 1785069917841}
{"sessionId": "583a4f", "hypothesisId": "H6-H9", "location": "api.py:_evaluate_live_frame", "message": "side_reach evaluation", "data": {"side": "left", "feedback_code": "reach_left", "completed": false, "consecutive_samples": 0, "landmark_count": 12}, "timestamp": 1785069919025}
{"sessionId": "583a4f", "hypothesisId": "H6-H9", "location": "api.py:_evaluate_live_frame", "message": "side_reach evaluation", "data": {"side": "left", "feedback_code": "reach_left", "completed": false, "consecutive_samples": 0, "landmark_count": 12}, "timestamp": 1785069921163}
{"sessionId": "583a4f", "hypothesisId": "H6-H9", "location": "api.py:_evaluate_live_frame", "message": "side_reach evaluation", "data": {"side": "left", "feedback_code": "reach_left", "completed": false, "consecutive_samples": 0, "landmark_count": 12}, "timestamp": 1785069922857}
{"sessionId": "583a4f", "hypothesisId": "H6-H9", "location": "api.py:_evaluate_live_frame", "message": "side_reach evaluation", "data": {"side": "left", "feedback_code": "reach_left", "completed": false, "consecutive_samples": 0, "landmark_count": 12}, "timestamp": 1785069923608}
{"sessionId": "583a4f", "hypothesisId": "H6-H9", "location": "api.py:_evaluate_live_frame", "message": "side_reach evaluation", "data": {"side": "left", "feedback_code": "reach_left", "completed": false, "consecutive_samples": 0, "landmark_count": 12}, "timestamp": 1785069925960}
{"sessionId": "583a4f", "hypothesisId": "H6-H9", "location": "api.py:_evaluate_live_frame", "message": "side_reach evaluation", "data": {"side": "left", "feedback_code": "reach_left", "completed": false, "consecutive_samples": 0, "landmark_count": 12}, "timestamp": 1785069928838}
{"sessionId": "583a4f", "hypothesisId": "H6-H9", "location": "api.py:_evaluate_live_frame", "message": "side_reach evaluation", "data": {"side": "left", "feedback_code": "reach_left", "completed": false, "consecutive_samples": 0, "landmark_count": 12}, "timestamp": 1785069930863}
{"sessionId": "583a4f", "hypothesisId": "H6-H9", "location": "api.py:_evaluate_live_frame", "message": "side_reach evaluation", "data": {"side": "left", "feedback_code": "reach_left", "completed": false, "consecutive_samples": 0, "landmark_count": 12}, "timestamp": 1785069932860}
{"sessionId": "583a4f", "hypothesisId": "H6-H9", "location": "api.py:_evaluate_live_frame", "message": "side_reach evaluation", "data": {"side": "left", "feedback_code": "reach_left", "completed": false, "consecutive_samples": 0, "landmark_count": 12}, "timestamp": 1785069935006}
{"sessionId": "583a4f", "hypothesisId": "H6-H9", "location": "api.py:_evaluate_live_frame", "message": "side_reach evaluation", "data": {"side": "left", "feedback_code": "hold", "completed": false, "consecutive_samples": 1, "landmark_count": 12}, "timestamp": 1785069937067}
{"sessionId": "583a4f", "hypothesisId": "H6-H9", "location": "api.py:_evaluate_live_frame", "message": "side_reach evaluation", "data": {"side": "left", "feedback_code": "great", "completed": true, "consecutive_samples": 2, "landmark_count": 12}, "timestamp": 1785069938986}
{"sessionId": "583a4f", "hypothesisId": "H3-H5", "location": "scoring.py:process_result", "message": "star awarded on completion", "data": {"movement": "side_reach", "stars_awarded": 1, "total_stars": 19, "attempt_count": 22}, "timestamp": 1785069938988}
{"sessionId": "583a4f", "hypothesisId": "H6-H9", "location": "api.py:_evaluate_live_frame", "message": "side_reach evaluation", "data": {"side": "left", "feedback_code": "reach_left", "completed": false, "consecutive_samples": 0, "landmark_count": 12}, "timestamp": 1785069950988}
{"sessionId": "583a4f", "hypothesisId": "H6-H9", "location": "api.py:_evaluate_live_frame", "message": "side_reach evaluation", "data": {"side": "left", "feedback_code": "reach_left", "completed": false, "consecutive_samples": 0, "landmark_count": 12}, "timestamp": 1785069955907}
{"sessionId": "583a4f", "hypothesisId": "H6-H9", "location": "api.py:_evaluate_live_frame", "message": "side_reach evaluation", "data": {"side": "left", "feedback_code": "reach_left", "completed": false, "consecutive_samples": 0, "landmark_count": 12}, "timestamp": 1785069958009}
{"sessionId": "583a4f", "hypothesisId": "H6-H9", "location": "api.py:_evaluate_live_frame", "message": "side_reach evaluation", "data": {"side": "left", "feedback_code": "reach_left", "completed": false, "consecutive_samples": 0, "landmark_count": 12}, "timestamp": 1785069959818}
{"sessionId": "583a4f", "hypothesisId": "H6-H9", "location": "api.py:_evaluate_live_frame", "message": "side_reach evaluation", "data": {"side": "left", "feedback_code": "reach_left", "completed": false, "consecutive_samples": 0, "landmark_count": 12}, "timestamp": 1785069961006}
{"sessionId": "583a4f", "hypothesisId": "H6-H9", "location": "api.py:_evaluate_live_frame", "message": "side_reach evaluation", "data": {"side": "left", "feedback_code": "reach_left", "completed": false, "consecutive_samples": 0, "landmark_count": 12}, "timestamp": 1785069963370}
{"sessionId": "583a4f", "hypothesisId": "H6-H9", "location": "api.py:_evaluate_live_frame", "message": "side_reach evaluation", "data": {"side": "left", "feedback_code": "reach_left", "completed": false, "consecutive_samples": 0, "landmark_count": 12}, "timestamp": 1785069965001}
{"sessionId": "583a4f", "hypothesisId": "H6-H9", "location": "api.py:_evaluate_live_frame", "message": "side_reach evaluation", "data": {"side": "left", "feedback_code": "reach_left", "completed": false, "consecutive_samples": 0, "landmark_count": 12}, "timestamp": 1785069965874}
{"sessionId": "583a4f", "hypothesisId": "H6-H9", "location": "api.py:_evaluate_live_frame", "message": "side_reach evaluation", "data": {"side": "left", "feedback_code": "reach_left", "completed": false, "consecutive_samples": 0, "landmark_count": 12}, "timestamp": 1785069966958}
{"sessionId": "583a4f", "hypothesisId": "H6-H9", "location": "api.py:_evaluate_live_frame", "message": "side_reach evaluation", "data": {"side": "left", "feedback_code": "reach_left", "completed": false, "consecutive_samples": 0, "landmark_count": 12}, "timestamp": 1785069969102}
{"sessionId": "583a4f", "hypothesisId": "H6-H9", "location": "api.py:_evaluate_live_frame", "message": "side_reach evaluation", "data": {"side": "left", "feedback_code": "hold", "completed": false, "consecutive_samples": 1, "landmark_count": 12}, "timestamp": 1785069971096}
{"sessionId": "583a4f", "hypothesisId": "H6-H9", "location": "api.py:_evaluate_live_frame", "message": "side_reach evaluation", "data": {"side": "left", "feedback_code": "great", "completed": true, "consecutive_samples": 2, "landmark_count": 12}, "timestamp": 1785069972960}
{"sessionId": "583a4f", "hypothesisId": "H3-H5", "location": "scoring.py:process_result", "message": "star awarded on completion", "data": {"movement": "side_reach", "stars_awarded": 1, "total_stars": 20, "attempt_count": 23}, "timestamp": 1785069972962}
{"sessionId": "583a4f", "hypothesisId": "H6-H9", "location": "api.py:_evaluate_live_frame", "message": "side_reach evaluation", "data": {"side": "right", "feedback_code": "reach_right", "completed": false, "consecutive_samples": 0, "landmark_count": 12}, "timestamp": 1785069987322}
{"sessionId": "583a4f", "hypothesisId": "H6-H9", "location": "api.py:_evaluate_live_frame", "message": "side_reach evaluation", "data": {"side": "right", "feedback_code": "reach_right", "completed": false, "consecutive_samples": 0, "landmark_count": 12}, "timestamp": 1785069988423}
{"sessionId": "583a4f", "hypothesisId": "H6-H9", "location": "api.py:_evaluate_live_frame", "message": "side_reach evaluation", "data": {"side": "right", "feedback_code": "reach_right", "completed": false, "consecutive_samples": 0, "landmark_count": 12}, "timestamp": 1785069990576}
{"sessionId": "583a4f", "hypothesisId": "H6-H9", "location": "api.py:_evaluate_live_frame", "message": "side_reach evaluation", "data": {"side": "right", "feedback_code": "reach_right", "completed": false, "consecutive_samples": 0, "landmark_count": 12}, "timestamp": 1785069992274}
{"sessionId": "583a4f", "hypothesisId": "H6-H9", "location": "api.py:_evaluate_live_frame", "message": "side_reach evaluation", "data": {"side": "right", "feedback_code": "reach_right", "completed": false, "consecutive_samples": 0, "landmark_count": 12}, "timestamp": 1785069993240}
{"sessionId": "583a4f", "hypothesisId": "H6-H9", "location": "api.py:_evaluate_live_frame", "message": "side_reach evaluation", "data": {"side": "right", "feedback_code": "reach_right", "completed": false, "consecutive_samples": 0, "landmark_count": 12}, "timestamp": 1785069994268}
{"sessionId": "583a4f", "hypothesisId": "H6-H9", "location": "api.py:_evaluate_live_frame", "message": "side_reach evaluation", "data": {"side": "right", "feedback_code": "reach_right", "completed": false, "consecutive_samples": 0, "landmark_count": 12}, "timestamp": 1785069995771}
{"sessionId": "583a4f", "hypothesisId": "H6-H9", "location": "api.py:_evaluate_live_frame", "message": "side_reach evaluation", "data": {"side": "right", "feedback_code": "reach_right", "completed": false, "consecutive_samples": 0, "landmark_count": 12}, "timestamp": 1785069997294}
{"sessionId": "583a4f", "hypothesisId": "H6-H9", "location": "api.py:_evaluate_live_frame", "message": "side_reach evaluation", "data": {"side": "right", "feedback_code": "reach_right", "completed": false, "consecutive_samples": 0, "landmark_count": 12}, "timestamp": 1785069999429}
{"sessionId": "583a4f", "hypothesisId": "H6-H9", "location": "api.py:_evaluate_live_frame", "message": "side_reach evaluation", "data": {"side": "right", "feedback_code": "hold", "completed": false, "consecutive_samples": 1, "landmark_count": 12}, "timestamp": 1785070001734}
{"sessionId": "583a4f", "hypothesisId": "H6-H9", "location": "api.py:_evaluate_live_frame", "message": "side_reach evaluation", "data": {"side": "right", "feedback_code": "reach_right", "completed": false, "consecutive_samples": 0, "landmark_count": 12}, "timestamp": 1785070003283}
{"sessionId": "583a4f", "hypothesisId": "H6-H9", "location": "api.py:_evaluate_live_frame", "message": "side_reach evaluation", "data": {"side": "right", "feedback_code": "reach_right", "completed": false, "consecutive_samples": 0, "landmark_count": 12}, "timestamp": 1785070005243}
{"sessionId": "583a4f", "hypothesisId": "H6-H9", "location": "api.py:_evaluate_live_frame", "message": "side_reach evaluation", "data": {"side": "right", "feedback_code": "reach_right", "completed": false, "consecutive_samples": 0, "landmark_count": 12}, "timestamp": 1785070007246}
{"sessionId": "583a4f", "hypothesisId": "H6-H9", "location": "api.py:_evaluate_live_frame", "message": "side_reach evaluation", "data": {"side": "right", "feedback_code": "reach_right", "completed": false, "consecutive_samples": 0, "landmark_count": 12}, "timestamp": 1785070008428}
{"sessionId": "583a4f", "hypothesisId": "H6-H9", "location": "api.py:_evaluate_live_frame", "message": "side_reach evaluation", "data": {"side": "right", "feedback_code": "reach_right", "completed": false, "consecutive_samples": 0, "landmark_count": 12}, "timestamp": 1785070009284}
{"sessionId": "583a4f", "hypothesisId": "H6-H9", "location": "api.py:_evaluate_live_frame", "message": "side_reach evaluation", "data": {"side": "right", "feedback_code": "hold", "completed": false, "consecutive_samples": 1, "landmark_count": 12}, "timestamp": 1785070014489}
{"sessionId": "583a4f", "hypothesisId": "H6-H9", "location": "api.py:_evaluate_live_frame", "message": "side_reach evaluation", "data": {"side": "right", "feedback_code": "great", "completed": true, "consecutive_samples": 2, "landmark_count": 12}, "timestamp": 1785070016195}
{"sessionId": "583a4f", "hypothesisId": "H3-H5", "location": "scoring.py:process_result", "message": "star awarded on completion", "data": {"movement": "side_reach", "stars_awarded": 1, "total_stars": 21, "attempt_count": 24}, "timestamp": 1785070016197}
{"sessionId": "583a4f", "hypothesisId": "H3-H5", "location": "scoring.py:process_result", "message": "star awarded on completion", "data": {"movement": "knee_lift_or_step", "stars_awarded": 1, "total_stars": 22, "attempt_count": 25}, "timestamp": 1785070150950}
{"sessionId": "583a4f", "hypothesisId": "H3-H5", "location": "scoring.py:process_result", "message": "star awarded on completion", "data": {"movement": "knee_lift_or_step", "stars_awarded": 1, "total_stars": 23, "attempt_count": 26}, "timestamp": 1785070187337}
{"sessionId": "583a4f", "hypothesisId": "H3-H5", "location": "scoring.py:process_result", "message": "star awarded on completion", "data": {"movement": "raise_both_arms", "stars_awarded": 1, "total_stars": 1, "attempt_count": 1}, "timestamp": 1785078166961}
{"sessionId": "583a4f", "hypothesisId": "H6-H9", "location": "api.py:_evaluate_live_frame", "message": "side_reach evaluation", "data": {"side": "left", "feedback_code": "reach_left", "completed": false, "consecutive_samples": 0, "landmark_count": 12}, "timestamp": 1785078179807}
{"sessionId": "583a4f", "hypothesisId": "H6-H9", "location": "api.py:_evaluate_live_frame", "message": "side_reach evaluation", "data": {"side": "left", "feedback_code": "reach_left", "completed": false, "consecutive_samples": 0, "landmark_count": 12}, "timestamp": 1785078180768}
{"sessionId": "583a4f", "hypothesisId": "H6-H9", "location": "api.py:_evaluate_live_frame", "message": "side_reach evaluation", "data": {"side": "left", "feedback_code": "reach_left", "completed": false, "consecutive_samples": 0, "landmark_count": 12}, "timestamp": 1785078181750}
{"sessionId": "583a4f", "hypothesisId": "H6-H9", "location": "api.py:_evaluate_live_frame", "message": "side_reach evaluation", "data": {"side": "left", "feedback_code": "reach_left", "completed": false, "consecutive_samples": 0, "landmark_count": 12}, "timestamp": 1785078182599}
{"sessionId": "583a4f", "hypothesisId": "H6-H9", "location": "api.py:_evaluate_live_frame", "message": "side_reach evaluation", "data": {"side": "left", "feedback_code": "reach_left", "completed": false, "consecutive_samples": 0, "landmark_count": 12}, "timestamp": 1785078183620}
{"sessionId": "583a4f", "hypothesisId": "H6-H9", "location": "api.py:_evaluate_live_frame", "message": "side_reach evaluation", "data": {"side": "left", "feedback_code": "hold", "completed": false, "consecutive_samples": 1, "landmark_count": 12}, "timestamp": 1785078184639}
{"sessionId": "583a4f", "hypothesisId": "H6-H9", "location": "api.py:_evaluate_live_frame", "message": "side_reach evaluation", "data": {"side": "left", "feedback_code": "great", "completed": true, "consecutive_samples": 2, "landmark_count": 12}, "timestamp": 1785078185765}
{"sessionId": "583a4f", "hypothesisId": "H3-H5", "location": "scoring.py:process_result", "message": "star awarded on completion", "data": {"movement": "side_reach", "stars_awarded": 1, "total_stars": 2, "attempt_count": 2}, "timestamp": 1785078185768}
{"sessionId": "583a4f", "hypothesisId": "H6-H9", "location": "api.py:_evaluate_live_frame", "message": "side_reach evaluation", "data": {"side": "right", "feedback_code": "reach_right", "completed": false, "consecutive_samples": 0, "landmark_count": 12}, "timestamp": 1785078196081}
{"sessionId": "583a4f", "hypothesisId": "H6-H9", "location": "api.py:_evaluate_live_frame", "message": "side_reach evaluation", "data": {"side": "right", "feedback_code": "reach_right", "completed": false, "consecutive_samples": 0, "landmark_count": 12}, "timestamp": 1785078197072}
{"sessionId": "583a4f", "hypothesisId": "H6-H9", "location": "api.py:_evaluate_live_frame", "message": "side_reach evaluation", "data": {"side": "right", "feedback_code": "reach_right", "completed": false, "consecutive_samples": 0, "landmark_count": 12}, "timestamp": 1785078198233}
{"sessionId": "583a4f", "hypothesisId": "H6-H9", "location": "api.py:_evaluate_live_frame", "message": "side_reach evaluation", "data": {"side": "right", "feedback_code": "reach_right", "completed": false, "consecutive_samples": 0, "landmark_count": 12}, "timestamp": 1785078199154}
{"sessionId": "583a4f", "hypothesisId": "H6-H9", "location": "api.py:_evaluate_live_frame", "message": "side_reach evaluation", "data": {"side": "right", "feedback_code": "reach_right", "completed": false, "consecutive_samples": 0, "landmark_count": 12}, "timestamp": 1785078200236}
{"sessionId": "583a4f", "hypothesisId": "H6-H9", "location": "api.py:_evaluate_live_frame", "message": "side_reach evaluation", "data": {"side": "right", "feedback_code": "reach_right", "completed": false, "consecutive_samples": 0, "landmark_count": 12}, "timestamp": 1785078201127}
{"sessionId": "583a4f", "hypothesisId": "H6-H9", "location": "api.py:_evaluate_live_frame", "message": "side_reach evaluation", "data": {"side": "right", "feedback_code": "reach_right", "completed": false, "consecutive_samples": 0, "landmark_count": 12}, "timestamp": 1785078203153}
{"sessionId": "583a4f", "hypothesisId": "H6-H9", "location": "api.py:_evaluate_live_frame", "message": "side_reach evaluation", "data": {"side": "right", "feedback_code": "reach_right", "completed": false, "consecutive_samples": 0, "landmark_count": 12}, "timestamp": 1785078204196}
{"sessionId": "583a4f", "hypothesisId": "H6-H9", "location": "api.py:_evaluate_live_frame", "message": "side_reach evaluation", "data": {"side": "right", "feedback_code": "hold", "completed": false, "consecutive_samples": 1, "landmark_count": 12}, "timestamp": 1785078205127}
{"sessionId": "583a4f", "hypothesisId": "H6-H9", "location": "api.py:_evaluate_live_frame", "message": "side_reach evaluation", "data": {"side": "right", "feedback_code": "reach_right", "completed": false, "consecutive_samples": 0, "landmark_count": 12}, "timestamp": 1785078206106}
{"sessionId": "583a4f", "hypothesisId": "H6-H9", "location": "api.py:_evaluate_live_frame", "message": "side_reach evaluation", "data": {"side": "right", "feedback_code": "reach_right", "completed": false, "consecutive_samples": 0, "landmark_count": 12}, "timestamp": 1785078207082}
{"sessionId": "583a4f", "hypothesisId": "H6-H9", "location": "api.py:_evaluate_live_frame", "message": "side_reach evaluation", "data": {"side": "right", "feedback_code": "reach_right", "completed": false, "consecutive_samples": 0, "landmark_count": 12}, "timestamp": 1785078208093}
{"sessionId": "583a4f", "hypothesisId": "H6-H9", "location": "api.py:_evaluate_live_frame", "message": "side_reach evaluation", "data": {"side": "right", "feedback_code": "reach_right", "completed": false, "consecutive_samples": 0, "landmark_count": 12}, "timestamp": 1785078209197}
{"sessionId": "583a4f", "hypothesisId": "H6-H9", "location": "api.py:_evaluate_live_frame", "message": "side_reach evaluation", "data": {"side": "right", "feedback_code": "reach_right", "completed": false, "consecutive_samples": 0, "landmark_count": 12}, "timestamp": 1785078210074}
{"sessionId": "583a4f", "hypothesisId": "H6-H9", "location": "api.py:_evaluate_live_frame", "message": "side_reach evaluation", "data": {"side": "right", "feedback_code": "reach_right", "completed": false, "consecutive_samples": 0, "landmark_count": 12}, "timestamp": 1785078211086}
{"sessionId": "583a4f", "hypothesisId": "H6-H9", "location": "api.py:_evaluate_live_frame", "message": "side_reach evaluation", "data": {"side": "right", "feedback_code": "reach_right", "completed": false, "consecutive_samples": 0, "landmark_count": 12}, "timestamp": 1785078212159}
{"sessionId": "583a4f", "hypothesisId": "H6-H9", "location": "api.py:_evaluate_live_frame", "message": "side_reach evaluation", "data": {"side": "right", "feedback_code": "reach_right", "completed": false, "consecutive_samples": 0, "landmark_count": 12}, "timestamp": 1785078213053}
{"sessionId": "583a4f", "hypothesisId": "H6-H9", "location": "api.py:_evaluate_live_frame", "message": "side_reach evaluation", "data": {"side": "right", "feedback_code": "reach_right", "completed": false, "consecutive_samples": 0, "landmark_count": 12}, "timestamp": 1785078214159}
{"sessionId": "583a4f", "hypothesisId": "H6-H9", "location": "api.py:_evaluate_live_frame", "message": "side_reach evaluation", "data": {"side": "right", "feedback_code": "hold", "completed": false, "consecutive_samples": 1, "landmark_count": 12}, "timestamp": 1785078215203}
{"sessionId": "583a4f", "hypothesisId": "H6-H9", "location": "api.py:_evaluate_live_frame", "message": "side_reach evaluation", "data": {"side": "right", "feedback_code": "reach_right", "completed": false, "consecutive_samples": 0, "landmark_count": 12}, "timestamp": 1785078216075}
{"sessionId": "583a4f", "hypothesisId": "H6-H9", "location": "api.py:_evaluate_live_frame", "message": "side_reach evaluation", "data": {"side": "right", "feedback_code": "reach_right", "completed": false, "consecutive_samples": 0, "landmark_count": 12}, "timestamp": 1785078217337}
{"sessionId": "583a4f", "hypothesisId": "H6-H9", "location": "api.py:_evaluate_live_frame", "message": "side_reach evaluation", "data": {"side": "right", "feedback_code": "reach_right", "completed": false, "consecutive_samples": 0, "landmark_count": 12}, "timestamp": 1785078218005}
{"sessionId": "583a4f", "hypothesisId": "H6-H9", "location": "api.py:_evaluate_live_frame", "message": "side_reach evaluation", "data": {"side": "right", "feedback_code": "reach_right", "completed": false, "consecutive_samples": 0, "landmark_count": 12}, "timestamp": 1785078219195}
{"sessionId": "583a4f", "hypothesisId": "H6-H9", "location": "api.py:_evaluate_live_frame", "message": "side_reach evaluation", "data": {"side": "right", "feedback_code": "reach_right", "completed": false, "consecutive_samples": 0, "landmark_count": 12}, "timestamp": 1785078220280}
{"sessionId": "583a4f", "hypothesisId": "H6-H9", "location": "api.py:_evaluate_live_frame", "message": "side_reach evaluation", "data": {"side": "right", "feedback_code": "reach_right", "completed": false, "consecutive_samples": 0, "landmark_count": 12}, "timestamp": 1785078221061}
{"sessionId": "583a4f", "hypothesisId": "H6-H9", "location": "api.py:_evaluate_live_frame", "message": "side_reach evaluation", "data": {"side": "right", "feedback_code": "reach_right", "completed": false, "consecutive_samples": 0, "landmark_count": 12}, "timestamp": 1785078222113}
{"sessionId": "583a4f", "hypothesisId": "H6-H9", "location": "api.py:_evaluate_live_frame", "message": "side_reach evaluation", "data": {"side": "right", "feedback_code": "reach_right", "completed": false, "consecutive_samples": 0, "landmark_count": 12}, "timestamp": 1785078223204}
{"sessionId": "583a4f", "hypothesisId": "H6-H9", "location": "api.py:_evaluate_live_frame", "message": "side_reach evaluation", "data": {"side": "right", "feedback_code": "reach_right", "completed": false, "consecutive_samples": 0, "landmark_count": 12}, "timestamp": 1785078224132}
{"sessionId": "583a4f", "hypothesisId": "H6-H9", "location": "api.py:_evaluate_live_frame", "message": "side_reach evaluation", "data": {"side": "right", "feedback_code": "reach_right", "completed": false, "consecutive_samples": 0, "landmark_count": 12}, "timestamp": 1785078225183}
{"sessionId": "583a4f", "hypothesisId": "H6-H9", "location": "api.py:_evaluate_live_frame", "message": "side_reach evaluation", "data": {"side": "right", "feedback_code": "reach_right", "completed": false, "consecutive_samples": 0, "landmark_count": 12}, "timestamp": 1785078226134}
{"sessionId": "583a4f", "hypothesisId": "H6-H9", "location": "api.py:_evaluate_live_frame", "message": "side_reach evaluation", "data": {"side": "right", "feedback_code": "reach_right", "completed": false, "consecutive_samples": 0, "landmark_count": 12}, "timestamp": 1785078227058}
{"sessionId": "583a4f", "hypothesisId": "H6-H9", "location": "api.py:_evaluate_live_frame", "message": "side_reach evaluation", "data": {"side": "right", "feedback_code": "reach_right", "completed": false, "consecutive_samples": 0, "landmark_count": 12}, "timestamp": 1785078228267}
{"sessionId": "583a4f", "hypothesisId": "H6-H9", "location": "api.py:_evaluate_live_frame", "message": "side_reach evaluation", "data": {"side": "right", "feedback_code": "reach_right", "completed": false, "consecutive_samples": 0, "landmark_count": 12}, "timestamp": 1785078229216}
{"sessionId": "583a4f", "hypothesisId": "H6-H9", "location": "api.py:_evaluate_live_frame", "message": "side_reach evaluation", "data": {"side": "right", "feedback_code": "reach_right", "completed": false, "consecutive_samples": 0, "landmark_count": 12}, "timestamp": 1785078230071}
{"sessionId": "583a4f", "hypothesisId": "H6-H9", "location": "api.py:_evaluate_live_frame", "message": "side_reach evaluation", "data": {"side": "right", "feedback_code": "reach_right", "completed": false, "consecutive_samples": 0, "landmark_count": 12}, "timestamp": 1785078231199}
{"sessionId": "583a4f", "hypothesisId": "H6-H9", "location": "api.py:_evaluate_live_frame", "message": "side_reach evaluation", "data": {"side": "right", "feedback_code": "reach_right", "completed": false, "consecutive_samples": 0, "landmark_count": 12}, "timestamp": 1785078232420}
{"sessionId": "583a4f", "hypothesisId": "H6-H9", "location": "api.py:_evaluate_live_frame", "message": "side_reach evaluation", "data": {"side": "right", "feedback_code": "reach_right", "completed": false, "consecutive_samples": 0, "landmark_count": 12}, "timestamp": 1785078235143}
{"sessionId": "583a4f", "hypothesisId": "H6-H9", "location": "api.py:_evaluate_live_frame", "message": "side_reach evaluation", "data": {"side": "right", "feedback_code": "reach_right", "completed": false, "consecutive_samples": 0, "landmark_count": 12}, "timestamp": 1785078236262}
{"sessionId": "583a4f", "hypothesisId": "H6-H9", "location": "api.py:_evaluate_live_frame", "message": "side_reach evaluation", "data": {"side": "right", "feedback_code": "reach_right", "completed": false, "consecutive_samples": 0, "landmark_count": 12}, "timestamp": 1785078237149}
{"sessionId": "583a4f", "hypothesisId": "H6-H9", "location": "api.py:_evaluate_live_frame", "message": "side_reach evaluation", "data": {"side": "right", "feedback_code": "reach_right", "completed": false, "consecutive_samples": 0, "landmark_count": 12}, "timestamp": 1785078238091}
{"sessionId": "583a4f", "hypothesisId": "H6-H9", "location": "api.py:_evaluate_live_frame", "message": "side_reach evaluation", "data": {"side": "right", "feedback_code": "reach_right", "completed": false, "consecutive_samples": 0, "landmark_count": 12}, "timestamp": 1785078239064}
{"sessionId": "583a4f", "hypothesisId": "H6-H9", "location": "api.py:_evaluate_live_frame", "message": "side_reach evaluation", "data": {"side": "right", "feedback_code": "reach_right", "completed": false, "consecutive_samples": 0, "landmark_count": 12}, "timestamp": 1785078240173}
{"sessionId": "583a4f", "hypothesisId": "H6-H9", "location": "api.py:_evaluate_live_frame", "message": "side_reach evaluation", "data": {"side": "right", "feedback_code": "reach_right", "completed": false, "consecutive_samples": 0, "landmark_count": 12}, "timestamp": 1785078241078}
{"sessionId": "583a4f", "hypothesisId": "H6-H9", "location": "api.py:_evaluate_live_frame", "message": "side_reach evaluation", "data": {"side": "right", "feedback_code": "reach_right", "completed": false, "consecutive_samples": 0, "landmark_count": 12}, "timestamp": 1785078242129}
{"sessionId": "583a4f", "hypothesisId": "H6-H9", "location": "api.py:_evaluate_live_frame", "message": "side_reach evaluation", "data": {"side": "right", "feedback_code": "reach_right", "completed": false, "consecutive_samples": 0, "landmark_count": 12}, "timestamp": 1785078244260}
{"sessionId": "583a4f", "hypothesisId": "H6-H9", "location": "api.py:_evaluate_live_frame", "message": "side_reach evaluation", "data": {"side": "right", "feedback_code": "reach_right", "completed": false, "consecutive_samples": 0, "landmark_count": 12}, "timestamp": 1785078245133}
{"sessionId": "583a4f", "hypothesisId": "H6-H9", "location": "api.py:_evaluate_live_frame", "message": "side_reach evaluation", "data": {"side": "right", "feedback_code": "reach_right", "completed": false, "consecutive_samples": 0, "landmark_count": 12}, "timestamp": 1785078247169}
{"sessionId": "583a4f", "hypothesisId": "H6-H9", "location": "api.py:_evaluate_live_frame", "message": "side_reach evaluation", "data": {"side": "right", "feedback_code": "reach_right", "completed": false, "consecutive_samples": 0, "landmark_count": 12}, "timestamp": 1785078248437}
{"sessionId": "583a4f", "hypothesisId": "H6-H9", "location": "api.py:_evaluate_live_frame", "message": "side_reach evaluation", "data": {"side": "right", "feedback_code": "reach_right", "completed": false, "consecutive_samples": 0, "landmark_count": 12}, "timestamp": 1785078249102}
{"sessionId": "583a4f", "hypothesisId": "H6-H9", "location": "api.py:_evaluate_live_frame", "message": "side_reach evaluation", "data": {"side": "right", "feedback_code": "reach_right", "completed": false, "consecutive_samples": 0, "landmark_count": 12}, "timestamp": 1785078250247}
{"sessionId": "583a4f", "hypothesisId": "H6-H9", "location": "api.py:_evaluate_live_frame", "message": "side_reach evaluation", "data": {"side": "right", "feedback_code": "reach_right", "completed": false, "consecutive_samples": 0, "landmark_count": 12}, "timestamp": 1785078251056}
{"sessionId": "583a4f", "hypothesisId": "H6-H9", "location": "api.py:_evaluate_live_frame", "message": "side_reach evaluation", "data": {"side": "right", "feedback_code": "reach_right", "completed": false, "consecutive_samples": 0, "landmark_count": 12}, "timestamp": 1785078252092}
{"sessionId": "583a4f", "hypothesisId": "H6-H9", "location": "api.py:_evaluate_live_frame", "message": "side_reach evaluation", "data": {"side": "right", "feedback_code": "hold", "completed": false, "consecutive_samples": 1, "landmark_count": 12}, "timestamp": 1785078253189}
{"sessionId": "583a4f", "hypothesisId": "H6-H9", "location": "api.py:_evaluate_live_frame", "message": "side_reach evaluation", "data": {"side": "right", "feedback_code": "great", "completed": true, "consecutive_samples": 2, "landmark_count": 12}, "timestamp": 1785078254130}
{"sessionId": "583a4f", "hypothesisId": "H3-H5", "location": "scoring.py:process_result", "message": "star awarded on completion", "data": {"movement": "side_reach", "stars_awarded": 1, "total_stars": 3, "attempt_count": 3}, "timestamp": 1785078254131}
{"sessionId": "583a4f", "hypothesisId": "H3-H5", "location": "scoring.py:process_result", "message": "star awarded on completion", "data": {"movement": "knee_lift_or_step", "stars_awarded": 1, "total_stars": 4, "attempt_count": 4}, "timestamp": 1785078301683}
{"sessionId": "583a4f", "hypothesisId": "H3-H5", "location": "scoring.py:process_result", "message": "star awarded on completion", "data": {"movement": "knee_lift_or_step", "stars_awarded": 1, "total_stars": 5, "attempt_count": 5}, "timestamp": 1785078330854}
{"sessionId": "583a4f", "hypothesisId": "H3-H5", "location": "scoring.py:process_result", "message": "star awarded on completion", "data": {"movement": "side_reach", "stars_awarded": 1, "total_stars": 6, "attempt_count": 8}, "timestamp": 1785078699899}
{"sessionId": "583a4f", "hypothesisId": "H3-H5", "location": "scoring.py:process_result", "message": "star awarded on completion", "data": {"movement": "side_reach", "stars_awarded": 1, "total_stars": 7, "attempt_count": 10}, "timestamp": 1785078742642}
{"sessionId": "583a4f", "hypothesisId": "H3-H5", "location": "scoring.py:process_result", "message": "star awarded on completion", "data": {"movement": "raise_both_arms", "stars_awarded": 1, "total_stars": 8, "attempt_count": 12}, "timestamp": 1785078777763}
{"sessionId": "583a4f", "hypothesisId": "H3-H5", "location": "scoring.py:process_result", "message": "star awarded on completion", "data": {"movement": "raise_both_arms", "stars_awarded": 1, "total_stars": 9, "attempt_count": 14}, "timestamp": 1785079282625}
{"sessionId": "583a4f", "hypothesisId": "H3-H5", "location": "scoring.py:process_result", "message": "star awarded on completion", "data": {"movement": "raise_both_arms", "stars_awarded": 1, "total_stars": 10, "attempt_count": 16}, "timestamp": 1785079331590}
{"sessionId": "583a4f", "hypothesisId": "H3-H5", "location": "scoring.py:process_result", "message": "star awarded on completion", "data": {"movement": "raise_both_arms", "stars_awarded": 1, "total_stars": 1, "attempt_count": 1}, "timestamp": 1785080260136}
{"sessionId": "583a4f", "hypothesisId": "H3-H5", "location": "scoring.py:process_result", "message": "star awarded on completion", "data": {"movement": "raise_both_arms", "stars_awarded": 1, "total_stars": 2, "attempt_count": 3}, "timestamp": 1785080408341}
{"sessionId": "583a4f", "hypothesisId": "H6-H9", "location": "api.py:_evaluate_live_frame", "message": "side_reach evaluation", "data": {"side": "left", "feedback_code": "reach_left", "completed": false, "consecutive_samples": 0, "landmark_count": 12}, "timestamp": 1785080415203}
{"sessionId": "583a4f", "hypothesisId": "H6-H9", "location": "api.py:_evaluate_live_frame", "message": "side_reach evaluation", "data": {"side": "left", "feedback_code": "reach_left", "completed": false, "consecutive_samples": 0, "landmark_count": 12}, "timestamp": 1785080416207}
{"sessionId": "583a4f", "hypothesisId": "H6-H9", "location": "api.py:_evaluate_live_frame", "message": "side_reach evaluation", "data": {"side": "left", "feedback_code": "reach_left", "completed": false, "consecutive_samples": 0, "landmark_count": 12}, "timestamp": 1785080417236}
{"sessionId": "583a4f", "hypothesisId": "H6-H9", "location": "api.py:_evaluate_live_frame", "message": "side_reach evaluation", "data": {"side": "left", "feedback_code": "reach_left", "completed": false, "consecutive_samples": 0, "landmark_count": 12}, "timestamp": 1785080418259}
{"sessionId": "583a4f", "hypothesisId": "H6-H9", "location": "api.py:_evaluate_live_frame", "message": "side_reach evaluation", "data": {"side": "left", "feedback_code": "reach_left", "completed": false, "consecutive_samples": 0, "landmark_count": 12}, "timestamp": 1785080419096}
{"sessionId": "583a4f", "hypothesisId": "H6-H9", "location": "api.py:_evaluate_live_frame", "message": "side_reach evaluation", "data": {"side": "left", "feedback_code": "reach_left", "completed": false, "consecutive_samples": 0, "landmark_count": 12}, "timestamp": 1785080420158}
{"sessionId": "583a4f", "hypothesisId": "H6-H9", "location": "api.py:_evaluate_live_frame", "message": "side_reach evaluation", "data": {"side": "left", "feedback_code": "reach_left", "completed": false, "consecutive_samples": 0, "landmark_count": 12}, "timestamp": 1785080421234}
{"sessionId": "583a4f", "hypothesisId": "H6-H9", "location": "api.py:_evaluate_live_frame", "message": "side_reach evaluation", "data": {"side": "left", "feedback_code": "reach_left", "completed": false, "consecutive_samples": 0, "landmark_count": 12}, "timestamp": 1785080422195}
{"sessionId": "583a4f", "hypothesisId": "H6-H9", "location": "api.py:_evaluate_live_frame", "message": "side_reach evaluation", "data": {"side": "left", "feedback_code": "hold", "completed": false, "consecutive_samples": 1, "landmark_count": 12}, "timestamp": 1785080424287}
{"sessionId": "583a4f", "hypothesisId": "H6-H9", "location": "api.py:_evaluate_live_frame", "message": "side_reach evaluation", "data": {"side": "left", "feedback_code": "great", "completed": true, "consecutive_samples": 2, "landmark_count": 12}, "timestamp": 1785080425247}
{"sessionId": "583a4f", "hypothesisId": "H3-H5", "location": "scoring.py:process_result", "message": "star awarded on completion", "data": {"movement": "side_reach", "stars_awarded": 1, "total_stars": 3, "attempt_count": 4}, "timestamp": 1785080425249}
{"sessionId": "583a4f", "hypothesisId": "H6-H9", "location": "api.py:_evaluate_live_frame", "message": "side_reach evaluation", "data": {"side": "right", "feedback_code": "reach_right", "completed": false, "consecutive_samples": 0, "landmark_count": 12}, "timestamp": 1785080435894}
{"sessionId": "583a4f", "hypothesisId": "H6-H9", "location": "api.py:_evaluate_live_frame", "message": "side_reach evaluation", "data": {"side": "right", "feedback_code": "reach_right", "completed": false, "consecutive_samples": 0, "landmark_count": 12}, "timestamp": 1785080436784}
{"sessionId": "583a4f", "hypothesisId": "H6-H9", "location": "api.py:_evaluate_live_frame", "message": "side_reach evaluation", "data": {"side": "right", "feedback_code": "reach_right", "completed": false, "consecutive_samples": 0, "landmark_count": 12}, "timestamp": 1785080437920}
{"sessionId": "583a4f", "hypothesisId": "H6-H9", "location": "api.py:_evaluate_live_frame", "message": "side_reach evaluation", "data": {"side": "right", "feedback_code": "reach_right", "completed": false, "consecutive_samples": 0, "landmark_count": 12}, "timestamp": 1785080438980}
{"sessionId": "583a4f", "hypothesisId": "H6-H9", "location": "api.py:_evaluate_live_frame", "message": "side_reach evaluation", "data": {"side": "right", "feedback_code": "reach_right", "completed": false, "consecutive_samples": 0, "landmark_count": 12}, "timestamp": 1785080441125}
{"sessionId": "583a4f", "hypothesisId": "H6-H9", "location": "api.py:_evaluate_live_frame", "message": "side_reach evaluation", "data": {"side": "right", "feedback_code": "reach_right", "completed": false, "consecutive_samples": 0, "landmark_count": 12}, "timestamp": 1785080442798}
{"sessionId": "583a4f", "hypothesisId": "H6-H9", "location": "api.py:_evaluate_live_frame", "message": "side_reach evaluation", "data": {"side": "right", "feedback_code": "hold", "completed": false, "consecutive_samples": 1, "landmark_count": 12}, "timestamp": 1785080444883}
{"sessionId": "583a4f", "hypothesisId": "H6-H9", "location": "api.py:_evaluate_live_frame", "message": "side_reach evaluation", "data": {"side": "right", "feedback_code": "great", "completed": true, "consecutive_samples": 2, "landmark_count": 12}, "timestamp": 1785080445891}
{"sessionId": "583a4f", "hypothesisId": "H3-H5", "location": "scoring.py:process_result", "message": "star awarded on completion", "data": {"movement": "side_reach", "stars_awarded": 1, "total_stars": 4, "attempt_count": 5}, "timestamp": 1785080445892}
{"sessionId": "583a4f", "hypothesisId": "H3-H5", "location": "scoring.py:process_result", "message": "star awarded on completion", "data": {"movement": "knee_lift_or_step", "stars_awarded": 1, "total_stars": 5, "attempt_count": 6}, "timestamp": 1785080462228}
{"sessionId": "583a4f", "hypothesisId": "H3-H5", "location": "scoring.py:process_result", "message": "star awarded on completion", "data": {"movement": "knee_lift_or_step", "stars_awarded": 1, "total_stars": 6, "attempt_count": 7}, "timestamp": 1785080477074}
{"sessionId": "583a4f", "hypothesisId": "H3-H5", "location": "scoring.py:process_result", "message": "star awarded on completion", "data": {"movement": "raise_both_arms", "stars_awarded": 1, "total_stars": 7, "attempt_count": 8}, "timestamp": 1785081028807}
{"sessionId": "583a4f", "hypothesisId": "H6-H9", "location": "api.py:_evaluate_live_frame", "message": "side_reach evaluation", "data": {"side": "left", "feedback_code": "reach_left", "completed": false, "consecutive_samples": 0, "landmark_count": 12}, "timestamp": 1785081038449}
{"sessionId": "583a4f", "hypothesisId": "H6-H9", "location": "api.py:_evaluate_live_frame", "message": "side_reach evaluation", "data": {"side": "left", "feedback_code": "reach_left", "completed": false, "consecutive_samples": 0, "landmark_count": 12}, "timestamp": 1785081040402}
{"sessionId": "583a4f", "hypothesisId": "H6-H9", "location": "api.py:_evaluate_live_frame", "message": "side_reach evaluation", "data": {"side": "left", "feedback_code": "reach_left", "completed": false, "consecutive_samples": 0, "landmark_count": 12}, "timestamp": 1785081041430}
{"sessionId": "583a4f", "hypothesisId": "H6-H9", "location": "api.py:_evaluate_live_frame", "message": "side_reach evaluation", "data": {"side": "left", "feedback_code": "reach_left", "completed": false, "consecutive_samples": 0, "landmark_count": 12}, "timestamp": 1785081042410}
{"sessionId": "583a4f", "hypothesisId": "H6-H9", "location": "api.py:_evaluate_live_frame", "message": "side_reach evaluation", "data": {"side": "left", "feedback_code": "reach_left", "completed": false, "consecutive_samples": 0, "landmark_count": 12}, "timestamp": 1785081043392}
{"sessionId": "583a4f", "hypothesisId": "H6-H9", "location": "api.py:_evaluate_live_frame", "message": "side_reach evaluation", "data": {"side": "left", "feedback_code": "reach_left", "completed": false, "consecutive_samples": 0, "landmark_count": 12}, "timestamp": 1785081044454}
{"sessionId": "583a4f", "hypothesisId": "H6-H9", "location": "api.py:_evaluate_live_frame", "message": "side_reach evaluation", "data": {"side": "left", "feedback_code": "reach_left", "completed": false, "consecutive_samples": 0, "landmark_count": 12}, "timestamp": 1785081045643}
{"sessionId": "583a4f", "hypothesisId": "H6-H9", "location": "api.py:_evaluate_live_frame", "message": "side_reach evaluation", "data": {"side": "left", "feedback_code": "hold", "completed": false, "consecutive_samples": 1, "landmark_count": 12}, "timestamp": 1785081047385}
{"sessionId": "583a4f", "hypothesisId": "H6-H9", "location": "api.py:_evaluate_live_frame", "message": "side_reach evaluation", "data": {"side": "left", "feedback_code": "great", "completed": true, "consecutive_samples": 2, "landmark_count": 12}, "timestamp": 1785081048412}
{"sessionId": "583a4f", "hypothesisId": "H3-H5", "location": "scoring.py:process_result", "message": "star awarded on completion", "data": {"movement": "side_reach", "stars_awarded": 1, "total_stars": 8, "attempt_count": 9}, "timestamp": 1785081048413}
{"sessionId": "583a4f", "hypothesisId": "H3-H5", "location": "scoring.py:process_result", "message": "star awarded on completion", "data": {"movement": "raise_both_arms", "stars_awarded": 1, "total_stars": 9, "attempt_count": 10}, "timestamp": 1785081133489}
{"sessionId": "583a4f", "hypothesisId": "H6-H9", "location": "api.py:_evaluate_live_frame", "message": "side_reach evaluation", "data": {"side": "left", "feedback_code": "reach_left", "completed": false, "consecutive_samples": 0, "landmark_count": 12}, "timestamp": 1785081144502}
{"sessionId": "583a4f", "hypothesisId": "H6-H9", "location": "api.py:_evaluate_live_frame", "message": "side_reach evaluation", "data": {"side": "left", "feedback_code": "reach_left", "completed": false, "consecutive_samples": 0, "landmark_count": 12}, "timestamp": 1785081145390}
{"sessionId": "583a4f", "hypothesisId": "H6-H9", "location": "api.py:_evaluate_live_frame", "message": "side_reach evaluation", "data": {"side": "left", "feedback_code": "reach_left", "completed": false, "consecutive_samples": 0, "landmark_count": 12}, "timestamp": 1785081146429}
{"sessionId": "583a4f", "hypothesisId": "H6-H9", "location": "api.py:_evaluate_live_frame", "message": "side_reach evaluation", "data": {"side": "left", "feedback_code": "reach_left", "completed": false, "consecutive_samples": 0, "landmark_count": 12}, "timestamp": 1785081147396}
{"sessionId": "583a4f", "hypothesisId": "H6-H9", "location": "api.py:_evaluate_live_frame", "message": "side_reach evaluation", "data": {"side": "left", "feedback_code": "reach_left", "completed": false, "consecutive_samples": 0, "landmark_count": 12}, "timestamp": 1785081148601}
{"sessionId": "583a4f", "hypothesisId": "H6-H9", "location": "api.py:_evaluate_live_frame", "message": "side_reach evaluation", "data": {"side": "left", "feedback_code": "reach_left", "completed": false, "consecutive_samples": 0, "landmark_count": 12}, "timestamp": 1785081149376}
{"sessionId": "583a4f", "hypothesisId": "H6-H9", "location": "api.py:_evaluate_live_frame", "message": "side_reach evaluation", "data": {"side": "left", "feedback_code": "reach_left", "completed": false, "consecutive_samples": 0, "landmark_count": 12}, "timestamp": 1785081150429}
{"sessionId": "583a4f", "hypothesisId": "H6-H9", "location": "api.py:_evaluate_live_frame", "message": "side_reach evaluation", "data": {"side": "left", "feedback_code": "hold", "completed": false, "consecutive_samples": 1, "landmark_count": 12}, "timestamp": 1785081151385}
{"sessionId": "583a4f", "hypothesisId": "H6-H9", "location": "api.py:_evaluate_live_frame", "message": "side_reach evaluation", "data": {"side": "left", "feedback_code": "great", "completed": true, "consecutive_samples": 2, "landmark_count": 12}, "timestamp": 1785081152388}
{"sessionId": "583a4f", "hypothesisId": "H3-H5", "location": "scoring.py:process_result", "message": "star awarded on completion", "data": {"movement": "side_reach", "stars_awarded": 1, "total_stars": 10, "attempt_count": 11}, "timestamp": 1785081152390}
{"sessionId": "583a4f", "hypothesisId": "H6-H9", "location": "api.py:_evaluate_live_frame", "message": "side_reach evaluation", "data": {"side": "left", "feedback_code": "reach_left", "completed": false, "consecutive_samples": 0, "landmark_count": 12}, "timestamp": 1785081162865}
{"sessionId": "583a4f", "hypothesisId": "H6-H9", "location": "api.py:_evaluate_live_frame", "message": "side_reach evaluation", "data": {"side": "left", "feedback_code": "reach_left", "completed": false, "consecutive_samples": 0, "landmark_count": 12}, "timestamp": 1785081163764}
{"sessionId": "583a4f", "hypothesisId": "H6-H9", "location": "api.py:_evaluate_live_frame", "message": "side_reach evaluation", "data": {"side": "left", "feedback_code": "reach_left", "completed": false, "consecutive_samples": 0, "landmark_count": 12}, "timestamp": 1785081164907}
{"sessionId": "583a4f", "hypothesisId": "H6-H9", "location": "api.py:_evaluate_live_frame", "message": "side_reach evaluation", "data": {"side": "left", "feedback_code": "reach_left", "completed": false, "consecutive_samples": 0, "landmark_count": 12}, "timestamp": 1785081166772}
{"sessionId": "583a4f", "hypothesisId": "H6-H9", "location": "api.py:_evaluate_live_frame", "message": "side_reach evaluation", "data": {"side": "left", "feedback_code": "reach_left", "completed": false, "consecutive_samples": 0, "landmark_count": 12}, "timestamp": 1785081167747}
{"sessionId": "583a4f", "hypothesisId": "H6-H9", "location": "api.py:_evaluate_live_frame", "message": "side_reach evaluation", "data": {"side": "left", "feedback_code": "reach_left", "completed": false, "consecutive_samples": 0, "landmark_count": 12}, "timestamp": 1785081168806}
{"sessionId": "583a4f", "hypothesisId": "H6-H9", "location": "api.py:_evaluate_live_frame", "message": "side_reach evaluation", "data": {"side": "left", "feedback_code": "reach_left", "completed": false, "consecutive_samples": 0, "landmark_count": 12}, "timestamp": 1785081169780}
{"sessionId": "583a4f", "hypothesisId": "H6-H9", "location": "api.py:_evaluate_live_frame", "message": "side_reach evaluation", "data": {"side": "left", "feedback_code": "reach_left", "completed": false, "consecutive_samples": 0, "landmark_count": 12}, "timestamp": 1785081170745}
{"sessionId": "583a4f", "hypothesisId": "H6-H9", "location": "api.py:_evaluate_live_frame", "message": "side_reach evaluation", "data": {"side": "left", "feedback_code": "reach_left", "completed": false, "consecutive_samples": 0, "landmark_count": 12}, "timestamp": 1785081171724}
{"sessionId": "583a4f", "hypothesisId": "H6-H9", "location": "api.py:_evaluate_live_frame", "message": "side_reach evaluation", "data": {"side": "left", "feedback_code": "reach_left", "completed": false, "consecutive_samples": 0, "landmark_count": 12}, "timestamp": 1785081172934}
{"sessionId": "583a4f", "hypothesisId": "H6-H9", "location": "api.py:_evaluate_live_frame", "message": "side_reach evaluation", "data": {"side": "left", "feedback_code": "full_body_missing", "completed": false, "consecutive_samples": 0, "landmark_count": 12}, "timestamp": 1785081174777}
{"sessionId": "583a4f", "hypothesisId": "H6-H9", "location": "api.py:_evaluate_live_frame", "message": "side_reach evaluation", "data": {"side": "left", "feedback_code": "reach_left", "completed": false, "consecutive_samples": 0, "landmark_count": 12}, "timestamp": 1785081175784}
{"sessionId": "583a4f", "hypothesisId": "H6-H9", "location": "api.py:_evaluate_live_frame", "message": "side_reach evaluation", "data": {"side": "left", "feedback_code": "reach_left", "completed": false, "consecutive_samples": 0, "landmark_count": 12}, "timestamp": 1785081176794}
{"sessionId": "583a4f", "hypothesisId": "H6-H9", "location": "api.py:_evaluate_live_frame", "message": "side_reach evaluation", "data": {"side": "left", "feedback_code": "reach_left", "completed": false, "consecutive_samples": 0, "landmark_count": 12}, "timestamp": 1785081177764}
{"sessionId": "583a4f", "hypothesisId": "H6-H9", "location": "api.py:_evaluate_live_frame", "message": "side_reach evaluation", "data": {"side": "left", "feedback_code": "reach_left", "completed": false, "consecutive_samples": 0, "landmark_count": 12}, "timestamp": 1785081178786}
{"sessionId": "583a4f", "hypothesisId": "H6-H9", "location": "api.py:_evaluate_live_frame", "message": "side_reach evaluation", "data": {"side": "left", "feedback_code": "reach_left", "completed": false, "consecutive_samples": 0, "landmark_count": 12}, "timestamp": 1785081179800}
{"sessionId": "583a4f", "hypothesisId": "H6-H9", "location": "api.py:_evaluate_live_frame", "message": "side_reach evaluation", "data": {"side": "left", "feedback_code": "reach_left", "completed": false, "consecutive_samples": 0, "landmark_count": 12}, "timestamp": 1785081180942}
{"sessionId": "583a4f", "hypothesisId": "H6-H9", "location": "api.py:_evaluate_live_frame", "message": "side_reach evaluation", "data": {"side": "left", "feedback_code": "reach_left", "completed": false, "consecutive_samples": 0, "landmark_count": 12}, "timestamp": 1785081181749}
{"sessionId": "583a4f", "hypothesisId": "H6-H9", "location": "api.py:_evaluate_live_frame", "message": "side_reach evaluation", "data": {"side": "left", "feedback_code": "reach_left", "completed": false, "consecutive_samples": 0, "landmark_count": 12}, "timestamp": 1785081182768}
{"sessionId": "583a4f", "hypothesisId": "H6-H9", "location": "api.py:_evaluate_live_frame", "message": "side_reach evaluation", "data": {"side": "left", "feedback_code": "reach_left", "completed": false, "consecutive_samples": 0, "landmark_count": 12}, "timestamp": 1785081183767}
{"sessionId": "583a4f", "hypothesisId": "H6-H9", "location": "api.py:_evaluate_live_frame", "message": "side_reach evaluation", "data": {"side": "left", "feedback_code": "hold", "completed": false, "consecutive_samples": 1, "landmark_count": 12}, "timestamp": 1785081184805}
{"sessionId": "583a4f", "hypothesisId": "H6-H9", "location": "api.py:_evaluate_live_frame", "message": "side_reach evaluation", "data": {"side": "left", "feedback_code": "great", "completed": true, "consecutive_samples": 2, "landmark_count": 12}, "timestamp": 1785081185765}
{"sessionId": "583a4f", "hypothesisId": "H3-H5", "location": "scoring.py:process_result", "message": "star awarded on completion", "data": {"movement": "side_reach", "stars_awarded": 1, "total_stars": 11, "attempt_count": 12}, "timestamp": 1785081185766}
{"sessionId": "583a4f", "hypothesisId": "H6-H9", "location": "api.py:_evaluate_live_frame", "message": "side_reach evaluation", "data": {"side": "right", "feedback_code": "reach_right", "completed": false, "consecutive_samples": 0, "landmark_count": 12}, "timestamp": 1785081196245}
{"sessionId": "583a4f", "hypothesisId": "H6-H9", "location": "api.py:_evaluate_live_frame", "message": "side_reach evaluation", "data": {"side": "right", "feedback_code": "reach_right", "completed": false, "consecutive_samples": 0, "landmark_count": 12}, "timestamp": 1785081197916}
{"sessionId": "583a4f", "hypothesisId": "H6-H9", "location": "api.py:_evaluate_live_frame", "message": "side_reach evaluation", "data": {"side": "right", "feedback_code": "reach_right", "completed": false, "consecutive_samples": 0, "landmark_count": 12}, "timestamp": 1785081198899}
{"sessionId": "583a4f", "hypothesisId": "H6-H9", "location": "api.py:_evaluate_live_frame", "message": "side_reach evaluation", "data": {"side": "right", "feedback_code": "reach_right", "completed": false, "consecutive_samples": 0, "landmark_count": 12}, "timestamp": 1785081199921}
{"sessionId": "583a4f", "hypothesisId": "H6-H9", "location": "api.py:_evaluate_live_frame", "message": "side_reach evaluation", "data": {"side": "right", "feedback_code": "reach_right", "completed": false, "consecutive_samples": 0, "landmark_count": 12}, "timestamp": 1785081200919}
{"sessionId": "583a4f", "hypothesisId": "H6-H9", "location": "api.py:_evaluate_live_frame", "message": "side_reach evaluation", "data": {"side": "right", "feedback_code": "reach_right", "completed": false, "consecutive_samples": 0, "landmark_count": 12}, "timestamp": 1785081201830}
{"sessionId": "583a4f", "hypothesisId": "H6-H9", "location": "api.py:_evaluate_live_frame", "message": "side_reach evaluation", "data": {"side": "right", "feedback_code": "reach_right", "completed": false, "consecutive_samples": 0, "landmark_count": 12}, "timestamp": 1785081202897}
{"sessionId": "583a4f", "hypothesisId": "H6-H9", "location": "api.py:_evaluate_live_frame", "message": "side_reach evaluation", "data": {"side": "right", "feedback_code": "reach_right", "completed": false, "consecutive_samples": 0, "landmark_count": 12}, "timestamp": 1785081203869}
{"sessionId": "583a4f", "hypothesisId": "H6-H9", "location": "api.py:_evaluate_live_frame", "message": "side_reach evaluation", "data": {"side": "right", "feedback_code": "reach_right", "completed": false, "consecutive_samples": 0, "landmark_count": 12}, "timestamp": 1785081205924}
{"sessionId": "583a4f", "hypothesisId": "H6-H9", "location": "api.py:_evaluate_live_frame", "message": "side_reach evaluation", "data": {"side": "right", "feedback_code": "reach_right", "completed": false, "consecutive_samples": 0, "landmark_count": 12}, "timestamp": 1785081207047}
{"sessionId": "583a4f", "hypothesisId": "H6-H9", "location": "api.py:_evaluate_live_frame", "message": "side_reach evaluation", "data": {"side": "right", "feedback_code": "reach_right", "completed": false, "consecutive_samples": 0, "landmark_count": 12}, "timestamp": 1785081208849}
{"sessionId": "583a4f", "hypothesisId": "H6-H9", "location": "api.py:_evaluate_live_frame", "message": "side_reach evaluation", "data": {"side": "right", "feedback_code": "reach_right", "completed": false, "consecutive_samples": 0, "landmark_count": 12}, "timestamp": 1785081209853}
{"sessionId": "583a4f", "hypothesisId": "H6-H9", "location": "api.py:_evaluate_live_frame", "message": "side_reach evaluation", "data": {"side": "right", "feedback_code": "reach_right", "completed": false, "consecutive_samples": 0, "landmark_count": 12}, "timestamp": 1785081210927}
{"sessionId": "583a4f", "hypothesisId": "H6-H9", "location": "api.py:_evaluate_live_frame", "message": "side_reach evaluation", "data": {"side": "right", "feedback_code": "reach_right", "completed": false, "consecutive_samples": 0, "landmark_count": 12}, "timestamp": 1785081211815}
{"sessionId": "583a4f", "hypothesisId": "H6-H9", "location": "api.py:_evaluate_live_frame", "message": "side_reach evaluation", "data": {"side": "right", "feedback_code": "reach_right", "completed": false, "consecutive_samples": 0, "landmark_count": 12}, "timestamp": 1785081212834}
{"sessionId": "583a4f", "hypothesisId": "H6-H9", "location": "api.py:_evaluate_live_frame", "message": "side_reach evaluation", "data": {"side": "right", "feedback_code": "reach_right", "completed": false, "consecutive_samples": 0, "landmark_count": 12}, "timestamp": 1785081213851}
{"sessionId": "583a4f", "hypothesisId": "H6-H9", "location": "api.py:_evaluate_live_frame", "message": "side_reach evaluation", "data": {"side": "right", "feedback_code": "reach_right", "completed": false, "consecutive_samples": 0, "landmark_count": 12}, "timestamp": 1785081215072}
{"sessionId": "583a4f", "hypothesisId": "H6-H9", "location": "api.py:_evaluate_live_frame", "message": "side_reach evaluation", "data": {"side": "right", "feedback_code": "reach_right", "completed": false, "consecutive_samples": 0, "landmark_count": 12}, "timestamp": 1785081215844}
{"sessionId": "583a4f", "hypothesisId": "H6-H9", "location": "api.py:_evaluate_live_frame", "message": "side_reach evaluation", "data": {"side": "right", "feedback_code": "reach_right", "completed": false, "consecutive_samples": 0, "landmark_count": 12}, "timestamp": 1785081216834}
{"sessionId": "583a4f", "hypothesisId": "H6-H9", "location": "api.py:_evaluate_live_frame", "message": "side_reach evaluation", "data": {"side": "right", "feedback_code": "reach_right", "completed": false, "consecutive_samples": 0, "landmark_count": 12}, "timestamp": 1785081217862}
{"sessionId": "583a4f", "hypothesisId": "H6-H9", "location": "api.py:_evaluate_live_frame", "message": "side_reach evaluation", "data": {"side": "right", "feedback_code": "reach_right", "completed": false, "consecutive_samples": 0, "landmark_count": 12}, "timestamp": 1785081218853}
{"sessionId": "583a4f", "hypothesisId": "H6-H9", "location": "api.py:_evaluate_live_frame", "message": "side_reach evaluation", "data": {"side": "right", "feedback_code": "reach_right", "completed": false, "consecutive_samples": 0, "landmark_count": 12}, "timestamp": 1785081219838}
{"sessionId": "583a4f", "hypothesisId": "H6-H9", "location": "api.py:_evaluate_live_frame", "message": "side_reach evaluation", "data": {"side": "right", "feedback_code": "reach_right", "completed": false, "consecutive_samples": 0, "landmark_count": 12}, "timestamp": 1785081220847}
{"sessionId": "583a4f", "hypothesisId": "H6-H9", "location": "api.py:_evaluate_live_frame", "message": "side_reach evaluation", "data": {"side": "right", "feedback_code": "reach_right", "completed": false, "consecutive_samples": 0, "landmark_count": 12}, "timestamp": 1785081221854}
{"sessionId": "583a4f", "hypothesisId": "H6-H9", "location": "api.py:_evaluate_live_frame", "message": "side_reach evaluation", "data": {"side": "right", "feedback_code": "reach_right", "completed": false, "consecutive_samples": 0, "landmark_count": 12}, "timestamp": 1785081222895}
{"sessionId": "583a4f", "hypothesisId": "H6-H9", "location": "api.py:_evaluate_live_frame", "message": "side_reach evaluation", "data": {"side": "right", "feedback_code": "reach_right", "completed": false, "consecutive_samples": 0, "landmark_count": 12}, "timestamp": 1785081223831}
{"sessionId": "583a4f", "hypothesisId": "H6-H9", "location": "api.py:_evaluate_live_frame", "message": "side_reach evaluation", "data": {"side": "right", "feedback_code": "reach_right", "completed": false, "consecutive_samples": 0, "landmark_count": 12}, "timestamp": 1785081224879}
{"sessionId": "583a4f", "hypothesisId": "H6-H9", "location": "api.py:_evaluate_live_frame", "message": "side_reach evaluation", "data": {"side": "right", "feedback_code": "reach_right", "completed": false, "consecutive_samples": 0, "landmark_count": 12}, "timestamp": 1785081225823}
{"sessionId": "583a4f", "hypothesisId": "H6-H9", "location": "api.py:_evaluate_live_frame", "message": "side_reach evaluation", "data": {"side": "right", "feedback_code": "reach_right", "completed": false, "consecutive_samples": 0, "landmark_count": 12}, "timestamp": 1785081226852}
{"sessionId": "583a4f", "hypothesisId": "H6-H9", "location": "api.py:_evaluate_live_frame", "message": "side_reach evaluation", "data": {"side": "right", "feedback_code": "reach_right", "completed": false, "consecutive_samples": 0, "landmark_count": 12}, "timestamp": 1785081227900}
{"sessionId": "583a4f", "hypothesisId": "H6-H9", "location": "api.py:_evaluate_live_frame", "message": "side_reach evaluation", "data": {"side": "right", "feedback_code": "reach_right", "completed": false, "consecutive_samples": 0, "landmark_count": 12}, "timestamp": 1785081228895}
{"sessionId": "583a4f", "hypothesisId": "H6-H9", "location": "api.py:_evaluate_live_frame", "message": "side_reach evaluation", "data": {"side": "right", "feedback_code": "reach_right", "completed": false, "consecutive_samples": 0, "landmark_count": 12}, "timestamp": 1785081230059}
{"sessionId": "583a4f", "hypothesisId": "H6-H9", "location": "api.py:_evaluate_live_frame", "message": "side_reach evaluation", "data": {"side": "right", "feedback_code": "reach_right", "completed": false, "consecutive_samples": 0, "landmark_count": 12}, "timestamp": 1785081230852}
{"sessionId": "583a4f", "hypothesisId": "H6-H9", "location": "api.py:_evaluate_live_frame", "message": "side_reach evaluation", "data": {"side": "right", "feedback_code": "reach_right", "completed": false, "consecutive_samples": 0, "landmark_count": 12}, "timestamp": 1785081231893}
{"sessionId": "583a4f", "hypothesisId": "H6-H9", "location": "api.py:_evaluate_live_frame", "message": "side_reach evaluation", "data": {"side": "right", "feedback_code": "reach_right", "completed": false, "consecutive_samples": 0, "landmark_count": 12}, "timestamp": 1785081232835}
{"sessionId": "583a4f", "hypothesisId": "H6-H9", "location": "api.py:_evaluate_live_frame", "message": "side_reach evaluation", "data": {"side": "right", "feedback_code": "reach_right", "completed": false, "consecutive_samples": 0, "landmark_count": 12}, "timestamp": 1785081233877}
{"sessionId": "583a4f", "hypothesisId": "H6-H9", "location": "api.py:_evaluate_live_frame", "message": "side_reach evaluation", "data": {"side": "right", "feedback_code": "reach_right", "completed": false, "consecutive_samples": 0, "landmark_count": 12}, "timestamp": 1785081234832}
{"sessionId": "583a4f", "hypothesisId": "H6-H9", "location": "api.py:_evaluate_live_frame", "message": "side_reach evaluation", "data": {"side": "right", "feedback_code": "reach_right", "completed": false, "consecutive_samples": 0, "landmark_count": 12}, "timestamp": 1785081235856}
{"sessionId": "583a4f", "hypothesisId": "H6-H9", "location": "api.py:_evaluate_live_frame", "message": "side_reach evaluation", "data": {"side": "right", "feedback_code": "reach_right", "completed": false, "consecutive_samples": 0, "landmark_count": 12}, "timestamp": 1785081237131}
{"sessionId": "583a4f", "hypothesisId": "H6-H9", "location": "api.py:_evaluate_live_frame", "message": "side_reach evaluation", "data": {"side": "right", "feedback_code": "reach_right", "completed": false, "consecutive_samples": 0, "landmark_count": 12}, "timestamp": 1785081237857}
{"sessionId": "583a4f", "hypothesisId": "H6-H9", "location": "api.py:_evaluate_live_frame", "message": "side_reach evaluation", "data": {"side": "right", "feedback_code": "reach_right", "completed": false, "consecutive_samples": 0, "landmark_count": 12}, "timestamp": 1785081238857}
{"sessionId": "583a4f", "hypothesisId": "H6-H9", "location": "api.py:_evaluate_live_frame", "message": "side_reach evaluation", "data": {"side": "right", "feedback_code": "reach_right", "completed": false, "consecutive_samples": 0, "landmark_count": 12}, "timestamp": 1785081239951}
{"sessionId": "583a4f", "hypothesisId": "H6-H9", "location": "api.py:_evaluate_live_frame", "message": "side_reach evaluation", "data": {"side": "right", "feedback_code": "reach_right", "completed": false, "consecutive_samples": 0, "landmark_count": 12}, "timestamp": 1785081240876}
{"sessionId": "583a4f", "hypothesisId": "H6-H9", "location": "api.py:_evaluate_live_frame", "message": "side_reach evaluation", "data": {"side": "right", "feedback_code": "reach_right", "completed": false, "consecutive_samples": 0, "landmark_count": 12}, "timestamp": 1785081241855}
{"sessionId": "583a4f", "hypothesisId": "H6-H9", "location": "api.py:_evaluate_live_frame", "message": "side_reach evaluation", "data": {"side": "right", "feedback_code": "reach_right", "completed": false, "consecutive_samples": 0, "landmark_count": 12}, "timestamp": 1785081242829}
{"sessionId": "583a4f", "hypothesisId": "H6-H9", "location": "api.py:_evaluate_live_frame", "message": "side_reach evaluation", "data": {"side": "right", "feedback_code": "reach_right", "completed": false, "consecutive_samples": 0, "landmark_count": 12}, "timestamp": 1785081243929}
{"sessionId": "583a4f", "hypothesisId": "H6-H9", "location": "api.py:_evaluate_live_frame", "message": "side_reach evaluation", "data": {"side": "right", "feedback_code": "reach_right", "completed": false, "consecutive_samples": 0, "landmark_count": 12}, "timestamp": 1785081244845}
{"sessionId": "583a4f", "hypothesisId": "H6-H9", "location": "api.py:_evaluate_live_frame", "message": "side_reach evaluation", "data": {"side": "right", "feedback_code": "reach_right", "completed": false, "consecutive_samples": 0, "landmark_count": 12}, "timestamp": 1785081245858}
{"sessionId": "583a4f", "hypothesisId": "H6-H9", "location": "api.py:_evaluate_live_frame", "message": "side_reach evaluation", "data": {"side": "right", "feedback_code": "hold", "completed": false, "consecutive_samples": 1, "landmark_count": 12}, "timestamp": 1785081246889}
{"sessionId": "583a4f", "hypothesisId": "H6-H9", "location": "api.py:_evaluate_live_frame", "message": "side_reach evaluation", "data": {"side": "right", "feedback_code": "reach_right", "completed": false, "consecutive_samples": 0, "landmark_count": 12}, "timestamp": 1785081247870}
{"sessionId": "583a4f", "hypothesisId": "H6-H9", "location": "api.py:_evaluate_live_frame", "message": "side_reach evaluation", "data": {"side": "right", "feedback_code": "reach_right", "completed": false, "consecutive_samples": 0, "landmark_count": 12}, "timestamp": 1785081248834}
{"sessionId": "583a4f", "hypothesisId": "H6-H9", "location": "api.py:_evaluate_live_frame", "message": "side_reach evaluation", "data": {"side": "right", "feedback_code": "reach_right", "completed": false, "consecutive_samples": 0, "landmark_count": 12}, "timestamp": 1785081249904}
{"sessionId": "583a4f", "hypothesisId": "H6-H9", "location": "api.py:_evaluate_live_frame", "message": "side_reach evaluation", "data": {"side": "right", "feedback_code": "reach_right", "completed": false, "consecutive_samples": 0, "landmark_count": 12}, "timestamp": 1785081250896}
{"sessionId": "583a4f", "hypothesisId": "H6-H9", "location": "api.py:_evaluate_live_frame", "message": "side_reach evaluation", "data": {"side": "right", "feedback_code": "reach_right", "completed": false, "consecutive_samples": 0, "landmark_count": 12}, "timestamp": 1785081252150}
{"sessionId": "583a4f", "hypothesisId": "H3-H5", "location": "scoring.py:process_result", "message": "star awarded on completion", "data": {"movement": "raise_both_arms", "stars_awarded": 1, "total_stars": 12, "attempt_count": 14}, "timestamp": 1785081257120}
{"sessionId": "583a4f", "hypothesisId": "H6-H9", "location": "api.py:_evaluate_live_frame", "message": "side_reach evaluation", "data": {"side": "right", "feedback_code": "reach_right", "completed": false, "consecutive_samples": 0, "landmark_count": 12}, "timestamp": 1785081270540}
{"sessionId": "583a4f", "hypothesisId": "H6-H9", "location": "api.py:_evaluate_live_frame", "message": "side_reach evaluation", "data": {"side": "right", "feedback_code": "reach_right", "completed": false, "consecutive_samples": 0, "landmark_count": 12}, "timestamp": 1785081271567}
{"sessionId": "583a4f", "hypothesisId": "H6-H9", "location": "api.py:_evaluate_live_frame", "message": "side_reach evaluation", "data": {"side": "right", "feedback_code": "reach_right", "completed": false, "consecutive_samples": 0, "landmark_count": 12}, "timestamp": 1785081272557}
{"sessionId": "583a4f", "hypothesisId": "H6-H9", "location": "api.py:_evaluate_live_frame", "message": "side_reach evaluation", "data": {"side": "right", "feedback_code": "reach_right", "completed": false, "consecutive_samples": 0, "landmark_count": 12}, "timestamp": 1785081273526}
{"sessionId": "583a4f", "hypothesisId": "H6-H9", "location": "api.py:_evaluate_live_frame", "message": "side_reach evaluation", "data": {"side": "right", "feedback_code": "reach_right", "completed": false, "consecutive_samples": 0, "landmark_count": 12}, "timestamp": 1785081274492}
{"sessionId": "583a4f", "hypothesisId": "H6-H9", "location": "api.py:_evaluate_live_frame", "message": "side_reach evaluation", "data": {"side": "right", "feedback_code": "reach_right", "completed": false, "consecutive_samples": 0, "landmark_count": 12}, "timestamp": 1785081275523}
{"sessionId": "583a4f", "hypothesisId": "H6-H9", "location": "api.py:_evaluate_live_frame", "message": "side_reach evaluation", "data": {"side": "right", "feedback_code": "reach_right", "completed": false, "consecutive_samples": 0, "landmark_count": 12}, "timestamp": 1785081276549}
{"sessionId": "583a4f", "hypothesisId": "H6-H9", "location": "api.py:_evaluate_live_frame", "message": "side_reach evaluation", "data": {"side": "right", "feedback_code": "reach_right", "completed": false, "consecutive_samples": 0, "landmark_count": 12}, "timestamp": 1785081277527}
{"sessionId": "583a4f", "hypothesisId": "H6-H9", "location": "api.py:_evaluate_live_frame", "message": "side_reach evaluation", "data": {"side": "right", "feedback_code": "reach_right", "completed": false, "consecutive_samples": 0, "landmark_count": 12}, "timestamp": 1785081278526}
{"sessionId": "583a4f", "hypothesisId": "H6-H9", "location": "api.py:_evaluate_live_frame", "message": "side_reach evaluation", "data": {"side": "right", "feedback_code": "reach_right", "completed": false, "consecutive_samples": 0, "landmark_count": 12}, "timestamp": 1785081279494}
{"sessionId": "583a4f", "hypothesisId": "H6-H9", "location": "api.py:_evaluate_live_frame", "message": "side_reach evaluation", "data": {"side": "right", "feedback_code": "reach_right", "completed": false, "consecutive_samples": 0, "landmark_count": 12}, "timestamp": 1785081280520}
{"sessionId": "583a4f", "hypothesisId": "H6-H9", "location": "api.py:_evaluate_live_frame", "message": "side_reach evaluation", "data": {"side": "right", "feedback_code": "reach_right", "completed": false, "consecutive_samples": 0, "landmark_count": 12}, "timestamp": 1785081281578}
{"sessionId": "583a4f", "hypothesisId": "H6-H9", "location": "api.py:_evaluate_live_frame", "message": "side_reach evaluation", "data": {"side": "right", "feedback_code": "reach_right", "completed": false, "consecutive_samples": 0, "landmark_count": 12}, "timestamp": 1785081282639}
{"sessionId": "583a4f", "hypothesisId": "H6-H9", "location": "api.py:_evaluate_live_frame", "message": "side_reach evaluation", "data": {"side": "right", "feedback_code": "reach_right", "completed": false, "consecutive_samples": 0, "landmark_count": 12}, "timestamp": 1785081283486}
{"sessionId": "583a4f", "hypothesisId": "H6-H9", "location": "api.py:_evaluate_live_frame", "message": "side_reach evaluation", "data": {"side": "right", "feedback_code": "reach_right", "completed": false, "consecutive_samples": 0, "landmark_count": 12}, "timestamp": 1785081284514}
{"sessionId": "583a4f", "hypothesisId": "H6-H9", "location": "api.py:_evaluate_live_frame", "message": "side_reach evaluation", "data": {"side": "right", "feedback_code": "reach_right", "completed": false, "consecutive_samples": 0, "landmark_count": 12}, "timestamp": 1785081285534}
{"sessionId": "583a4f", "hypothesisId": "H6-H9", "location": "api.py:_evaluate_live_frame", "message": "side_reach evaluation", "data": {"side": "right", "feedback_code": "reach_right", "completed": false, "consecutive_samples": 0, "landmark_count": 12}, "timestamp": 1785081286545}
{"sessionId": "583a4f", "hypothesisId": "H6-H9", "location": "api.py:_evaluate_live_frame", "message": "side_reach evaluation", "data": {"side": "right", "feedback_code": "reach_right", "completed": false, "consecutive_samples": 0, "landmark_count": 12}, "timestamp": 1785081287516}
{"sessionId": "583a4f", "hypothesisId": "H6-H9", "location": "api.py:_evaluate_live_frame", "message": "side_reach evaluation", "data": {"side": "right", "feedback_code": "reach_right", "completed": false, "consecutive_samples": 0, "landmark_count": 12}, "timestamp": 1785081288525}
{"sessionId": "583a4f", "hypothesisId": "H6-H9", "location": "api.py:_evaluate_live_frame", "message": "side_reach evaluation", "data": {"side": "right", "feedback_code": "reach_right", "completed": false, "consecutive_samples": 0, "landmark_count": 12}, "timestamp": 1785081289527}
{"sessionId": "583a4f", "hypothesisId": "H6-H9", "location": "api.py:_evaluate_live_frame", "message": "side_reach evaluation", "data": {"side": "right", "feedback_code": "reach_right", "completed": false, "consecutive_samples": 0, "landmark_count": 12}, "timestamp": 1785081290552}
{"sessionId": "583a4f", "hypothesisId": "H6-H9", "location": "api.py:_evaluate_live_frame", "message": "side_reach evaluation", "data": {"side": "right", "feedback_code": "reach_right", "completed": false, "consecutive_samples": 0, "landmark_count": 12}, "timestamp": 1785081291545}
{"sessionId": "583a4f", "hypothesisId": "H6-H9", "location": "api.py:_evaluate_live_frame", "message": "side_reach evaluation", "data": {"side": "right", "feedback_code": "reach_right", "completed": false, "consecutive_samples": 0, "landmark_count": 12}, "timestamp": 1785081292529}
{"sessionId": "583a4f", "hypothesisId": "H6-H9", "location": "api.py:_evaluate_live_frame", "message": "side_reach evaluation", "data": {"side": "right", "feedback_code": "reach_right", "completed": false, "consecutive_samples": 0, "landmark_count": 12}, "timestamp": 1785081293583}
{"sessionId": "583a4f", "hypothesisId": "H6-H9", "location": "api.py:_evaluate_live_frame", "message": "side_reach evaluation", "data": {"side": "right", "feedback_code": "reach_right", "completed": false, "consecutive_samples": 0, "landmark_count": 12}, "timestamp": 1785081294547}
{"sessionId": "583a4f", "hypothesisId": "H6-H9", "location": "api.py:_evaluate_live_frame", "message": "side_reach evaluation", "data": {"side": "right", "feedback_code": "reach_right", "completed": false, "consecutive_samples": 0, "landmark_count": 12}, "timestamp": 1785081295534}
{"sessionId": "583a4f", "hypothesisId": "H6-H9", "location": "api.py:_evaluate_live_frame", "message": "side_reach evaluation", "data": {"side": "right", "feedback_code": "reach_right", "completed": false, "consecutive_samples": 0, "landmark_count": 12}, "timestamp": 1785081296535}
{"sessionId": "583a4f", "hypothesisId": "H6-H9", "location": "api.py:_evaluate_live_frame", "message": "side_reach evaluation", "data": {"side": "right", "feedback_code": "reach_right", "completed": false, "consecutive_samples": 0, "landmark_count": 12}, "timestamp": 1785081297791}
{"sessionId": "583a4f", "hypothesisId": "H6-H9", "location": "api.py:_evaluate_live_frame", "message": "side_reach evaluation", "data": {"side": "right", "feedback_code": "reach_right", "completed": false, "consecutive_samples": 0, "landmark_count": 12}, "timestamp": 1785081299569}
{"sessionId": "583a4f", "hypothesisId": "H6-H9", "location": "api.py:_evaluate_live_frame", "message": "side_reach evaluation", "data": {"side": "right", "feedback_code": "reach_right", "completed": false, "consecutive_samples": 0, "landmark_count": 12}, "timestamp": 1785081300618}
{"sessionId": "583a4f", "hypothesisId": "H6-H9", "location": "api.py:_evaluate_live_frame", "message": "side_reach evaluation", "data": {"side": "right", "feedback_code": "reach_right", "completed": false, "consecutive_samples": 0, "landmark_count": 12}, "timestamp": 1785081301575}
{"sessionId": "583a4f", "hypothesisId": "H6-H9", "location": "api.py:_evaluate_live_frame", "message": "side_reach evaluation", "data": {"side": "right", "feedback_code": "reach_right", "completed": false, "consecutive_samples": 0, "landmark_count": 12}, "timestamp": 1785081303528}
{"sessionId": "583a4f", "hypothesisId": "H6-H9", "location": "api.py:_evaluate_live_frame", "message": "side_reach evaluation", "data": {"side": "right", "feedback_code": "reach_right", "completed": false, "consecutive_samples": 0, "landmark_count": 12}, "timestamp": 1785081304653}
{"sessionId": "583a4f", "hypothesisId": "H6-H9", "location": "api.py:_evaluate_live_frame", "message": "side_reach evaluation", "data": {"side": "right", "feedback_code": "reach_right", "completed": false, "consecutive_samples": 0, "landmark_count": 12}, "timestamp": 1785081305757}
{"sessionId": "583a4f", "hypothesisId": "H6-H9", "location": "api.py:_evaluate_live_frame", "message": "side_reach evaluation", "data": {"side": "right", "feedback_code": "reach_right", "completed": false, "consecutive_samples": 0, "landmark_count": 12}, "timestamp": 1785081306952}
{"sessionId": "583a4f", "hypothesisId": "H6-H9", "location": "api.py:_evaluate_live_frame", "message": "side_reach evaluation", "data": {"side": "right", "feedback_code": "reach_right", "completed": false, "consecutive_samples": 0, "landmark_count": 12}, "timestamp": 1785081308786}
{"sessionId": "583a4f", "hypothesisId": "H6-H9", "location": "api.py:_evaluate_live_frame", "message": "side_reach evaluation", "data": {"side": "right", "feedback_code": "reach_right", "completed": false, "consecutive_samples": 0, "landmark_count": 12}, "timestamp": 1785081309742}
{"sessionId": "583a4f", "hypothesisId": "H3-H5", "location": "scoring.py:process_result", "message": "star awarded on completion", "data": {"movement": "knee_lift_or_step", "stars_awarded": 1, "total_stars": 13, "attempt_count": 17}, "timestamp": 1785081327601}
{"sessionId": "583a4f", "hypothesisId": "H3-H5", "location": "scoring.py:process_result", "message": "star awarded on completion", "data": {"movement": "knee_lift_or_step", "stars_awarded": 1, "total_stars": 14, "attempt_count": 18}, "timestamp": 1785081339414}
{"sessionId": "583a4f", "hypothesisId": "H3-H5", "location": "scoring.py:process_result", "message": "star awarded on completion", "data": {"movement": "raise_both_arms", "stars_awarded": 1, "total_stars": 15, "attempt_count": 19}, "timestamp": 1785082476113}
{"sessionId": "583a4f", "hypothesisId": "H3-H5", "location": "scoring.py:process_result", "message": "star awarded on completion", "data": {"movement": "knee_lift_or_step", "stars_awarded": 1, "total_stars": 16, "attempt_count": 20}, "timestamp": 1785082495172}
{"sessionId": "583a4f", "hypothesisId": "H3-H5", "location": "scoring.py:process_result", "message": "star awarded on completion", "data": {"movement": "knee_lift_or_step", "stars_awarded": 1, "total_stars": 17, "attempt_count": 21}, "timestamp": 1785082516303}
{"sessionId": "583a4f", "hypothesisId": "H6-H9", "location": "api.py:_evaluate_live_frame", "message": "side_reach evaluation", "data": {"side": "right", "feedback_code": "reach_right", "completed": false, "consecutive_samples": 0, "landmark_count": 12}, "timestamp": 1785082526937}
{"sessionId": "583a4f", "hypothesisId": "H6-H9", "location": "api.py:_evaluate_live_frame", "message": "side_reach evaluation", "data": {"side": "right", "feedback_code": "reach_right", "completed": false, "consecutive_samples": 0, "landmark_count": 12}, "timestamp": 1785082529075}
{"sessionId": "583a4f", "hypothesisId": "H6-H9", "location": "api.py:_evaluate_live_frame", "message": "side_reach evaluation", "data": {"side": "right", "feedback_code": "reach_right", "completed": false, "consecutive_samples": 0, "landmark_count": 12}, "timestamp": 1785082529931}
{"sessionId": "583a4f", "hypothesisId": "H6-H9", "location": "api.py:_evaluate_live_frame", "message": "side_reach evaluation", "data": {"side": "right", "feedback_code": "reach_right", "completed": false, "consecutive_samples": 0, "landmark_count": 12}, "timestamp": 1785082530952}
{"sessionId": "583a4f", "hypothesisId": "H6-H9", "location": "api.py:_evaluate_live_frame", "message": "side_reach evaluation", "data": {"side": "right", "feedback_code": "reach_right", "completed": false, "consecutive_samples": 0, "landmark_count": 12}, "timestamp": 1785082531870}
{"sessionId": "583a4f", "hypothesisId": "H6-H9", "location": "api.py:_evaluate_live_frame", "message": "side_reach evaluation", "data": {"side": "right", "feedback_code": "reach_right", "completed": false, "consecutive_samples": 0, "landmark_count": 12}, "timestamp": 1785082532911}
{"sessionId": "583a4f", "hypothesisId": "H6-H9", "location": "api.py:_evaluate_live_frame", "message": "side_reach evaluation", "data": {"side": "right", "feedback_code": "reach_right", "completed": false, "consecutive_samples": 0, "landmark_count": 12}, "timestamp": 1785082533861}
{"sessionId": "583a4f", "hypothesisId": "H6-H9", "location": "api.py:_evaluate_live_frame", "message": "side_reach evaluation", "data": {"side": "right", "feedback_code": "reach_right", "completed": false, "consecutive_samples": 0, "landmark_count": 12}, "timestamp": 1785082534923}
{"sessionId": "583a4f", "hypothesisId": "H6-H9", "location": "api.py:_evaluate_live_frame", "message": "side_reach evaluation", "data": {"side": "right", "feedback_code": "reach_right", "completed": false, "consecutive_samples": 0, "landmark_count": 12}, "timestamp": 1785082535948}
{"sessionId": "583a4f", "hypothesisId": "H6-H9", "location": "api.py:_evaluate_live_frame", "message": "side_reach evaluation", "data": {"side": "right", "feedback_code": "reach_right", "completed": false, "consecutive_samples": 0, "landmark_count": 12}, "timestamp": 1785082536956}
{"sessionId": "583a4f", "hypothesisId": "H6-H9", "location": "api.py:_evaluate_live_frame", "message": "side_reach evaluation", "data": {"side": "right", "feedback_code": "reach_right", "completed": false, "consecutive_samples": 0, "landmark_count": 12}, "timestamp": 1785082537982}
{"sessionId": "583a4f", "hypothesisId": "H6-H9", "location": "api.py:_evaluate_live_frame", "message": "side_reach evaluation", "data": {"side": "right", "feedback_code": "reach_right", "completed": false, "consecutive_samples": 0, "landmark_count": 12}, "timestamp": 1785082539093}
{"sessionId": "583a4f", "hypothesisId": "H6-H9", "location": "api.py:_evaluate_live_frame", "message": "side_reach evaluation", "data": {"side": "right", "feedback_code": "reach_right", "completed": false, "consecutive_samples": 0, "landmark_count": 12}, "timestamp": 1785082539932}
{"sessionId": "583a4f", "hypothesisId": "H6-H9", "location": "api.py:_evaluate_live_frame", "message": "side_reach evaluation", "data": {"side": "right", "feedback_code": "hold", "completed": false, "consecutive_samples": 1, "landmark_count": 12}, "timestamp": 1785082541137}
{"sessionId": "583a4f", "hypothesisId": "H6-H9", "location": "api.py:_evaluate_live_frame", "message": "side_reach evaluation", "data": {"side": "right", "feedback_code": "great", "completed": true, "consecutive_samples": 2, "landmark_count": 12}, "timestamp": 1785082542084}
{"sessionId": "583a4f", "hypothesisId": "H3-H5", "location": "scoring.py:process_result", "message": "star awarded on completion", "data": {"movement": "side_reach", "stars_awarded": 1, "total_stars": 18, "attempt_count": 22}, "timestamp": 1785082542086}
{"sessionId": "583a4f", "hypothesisId": "H6-H9", "location": "api.py:_evaluate_live_frame", "message": "side_reach evaluation", "data": {"side": "left", "feedback_code": "reach_left", "completed": false, "consecutive_samples": 0, "landmark_count": 12}, "timestamp": 1785082553601}
{"sessionId": "583a4f", "hypothesisId": "H6-H9", "location": "api.py:_evaluate_live_frame", "message": "side_reach evaluation", "data": {"side": "left", "feedback_code": "reach_left", "completed": false, "consecutive_samples": 0, "landmark_count": 12}, "timestamp": 1785082554654}
{"sessionId": "583a4f", "hypothesisId": "H6-H9", "location": "api.py:_evaluate_live_frame", "message": "side_reach evaluation", "data": {"side": "left", "feedback_code": "reach_left", "completed": false, "consecutive_samples": 0, "landmark_count": 12}, "timestamp": 1785082555638}
{"sessionId": "583a4f", "hypothesisId": "H6-H9", "location": "api.py:_evaluate_live_frame", "message": "side_reach evaluation", "data": {"side": "left", "feedback_code": "reach_left", "completed": false, "consecutive_samples": 0, "landmark_count": 12}, "timestamp": 1785082556634}
{"sessionId": "583a4f", "hypothesisId": "H6-H9", "location": "api.py:_evaluate_live_frame", "message": "side_reach evaluation", "data": {"side": "left", "feedback_code": "reach_left", "completed": false, "consecutive_samples": 0, "landmark_count": 12}, "timestamp": 1785082557601}
{"sessionId": "583a4f", "hypothesisId": "H6-H9", "location": "api.py:_evaluate_live_frame", "message": "side_reach evaluation", "data": {"side": "left", "feedback_code": "reach_left", "completed": false, "consecutive_samples": 0, "landmark_count": 12}, "timestamp": 1785082558626}
{"sessionId": "583a4f", "hypothesisId": "H6-H9", "location": "api.py:_evaluate_live_frame", "message": "side_reach evaluation", "data": {"side": "left", "feedback_code": "reach_left", "completed": false, "consecutive_samples": 0, "landmark_count": 12}, "timestamp": 1785082559638}
{"sessionId": "583a4f", "hypothesisId": "H6-H9", "location": "api.py:_evaluate_live_frame", "message": "side_reach evaluation", "data": {"side": "left", "feedback_code": "reach_left", "completed": false, "consecutive_samples": 0, "landmark_count": 12}, "timestamp": 1785082560584}
{"sessionId": "583a4f", "hypothesisId": "H6-H9", "location": "api.py:_evaluate_live_frame", "message": "side_reach evaluation", "data": {"side": "left", "feedback_code": "reach_left", "completed": false, "consecutive_samples": 0, "landmark_count": 12}, "timestamp": 1785082561736}
{"sessionId": "583a4f", "hypothesisId": "H6-H9", "location": "api.py:_evaluate_live_frame", "message": "side_reach evaluation", "data": {"side": "left", "feedback_code": "reach_left", "completed": false, "consecutive_samples": 0, "landmark_count": 12}, "timestamp": 1785082562663}
{"sessionId": "583a4f", "hypothesisId": "H6-H9", "location": "api.py:_evaluate_live_frame", "message": "side_reach evaluation", "data": {"side": "left", "feedback_code": "reach_left", "completed": false, "consecutive_samples": 0, "landmark_count": 12}, "timestamp": 1785082563779}
{"sessionId": "583a4f", "hypothesisId": "H6-H9", "location": "api.py:_evaluate_live_frame", "message": "side_reach evaluation", "data": {"side": "left", "feedback_code": "reach_left", "completed": false, "consecutive_samples": 0, "landmark_count": 12}, "timestamp": 1785082564885}
{"sessionId": "583a4f", "hypothesisId": "H6-H9", "location": "api.py:_evaluate_live_frame", "message": "side_reach evaluation", "data": {"side": "left", "feedback_code": "reach_left", "completed": false, "consecutive_samples": 0, "landmark_count": 12}, "timestamp": 1785082565721}
{"sessionId": "583a4f", "hypothesisId": "H6-H9", "location": "api.py:_evaluate_live_frame", "message": "side_reach evaluation", "data": {"side": "left", "feedback_code": "reach_left", "completed": false, "consecutive_samples": 0, "landmark_count": 12}, "timestamp": 1785082566622}
{"sessionId": "583a4f", "hypothesisId": "H6-H9", "location": "api.py:_evaluate_live_frame", "message": "side_reach evaluation", "data": {"side": "left", "feedback_code": "reach_left", "completed": false, "consecutive_samples": 0, "landmark_count": 12}, "timestamp": 1785082567694}
{"sessionId": "583a4f", "hypothesisId": "H6-H9", "location": "api.py:_evaluate_live_frame", "message": "side_reach evaluation", "data": {"side": "left", "feedback_code": "reach_left", "completed": false, "consecutive_samples": 0, "landmark_count": 12}, "timestamp": 1785082568618}
{"sessionId": "583a4f", "hypothesisId": "H6-H9", "location": "api.py:_evaluate_live_frame", "message": "side_reach evaluation", "data": {"side": "left", "feedback_code": "reach_left", "completed": false, "consecutive_samples": 0, "landmark_count": 12}, "timestamp": 1785082569726}
{"sessionId": "583a4f", "hypothesisId": "H6-H9", "location": "api.py:_evaluate_live_frame", "message": "side_reach evaluation", "data": {"side": "left", "feedback_code": "reach_left", "completed": false, "consecutive_samples": 0, "landmark_count": 12}, "timestamp": 1785082570717}
{"sessionId": "583a4f", "hypothesisId": "H6-H9", "location": "api.py:_evaluate_live_frame", "message": "side_reach evaluation", "data": {"side": "left", "feedback_code": "reach_left", "completed": false, "consecutive_samples": 0, "landmark_count": 12}, "timestamp": 1785082571828}
{"sessionId": "583a4f", "hypothesisId": "H6-H9", "location": "api.py:_evaluate_live_frame", "message": "side_reach evaluation", "data": {"side": "left", "feedback_code": "reach_left", "completed": false, "consecutive_samples": 0, "landmark_count": 12}, "timestamp": 1785082572632}
{"sessionId": "583a4f", "hypothesisId": "H6-H9", "location": "api.py:_evaluate_live_frame", "message": "side_reach evaluation", "data": {"side": "left", "feedback_code": "reach_left", "completed": false, "consecutive_samples": 0, "landmark_count": 12}, "timestamp": 1785082573777}
{"sessionId": "583a4f", "hypothesisId": "H6-H9", "location": "api.py:_evaluate_live_frame", "message": "side_reach evaluation", "data": {"side": "left", "feedback_code": "reach_left", "completed": false, "consecutive_samples": 0, "landmark_count": 12}, "timestamp": 1785082574621}
{"sessionId": "583a4f", "hypothesisId": "H6-H9", "location": "api.py:_evaluate_live_frame", "message": "side_reach evaluation", "data": {"side": "left", "feedback_code": "reach_left", "completed": false, "consecutive_samples": 0, "landmark_count": 12}, "timestamp": 1785082575638}
{"sessionId": "583a4f", "hypothesisId": "H6-H9", "location": "api.py:_evaluate_live_frame", "message": "side_reach evaluation", "data": {"side": "left", "feedback_code": "reach_left", "completed": false, "consecutive_samples": 0, "landmark_count": 12}, "timestamp": 1785082576685}
{"sessionId": "583a4f", "hypothesisId": "H6-H9", "location": "api.py:_evaluate_live_frame", "message": "side_reach evaluation", "data": {"side": "left", "feedback_code": "reach_left", "completed": false, "consecutive_samples": 0, "landmark_count": 12}, "timestamp": 1785082577675}
{"sessionId": "583a4f", "hypothesisId": "H6-H9", "location": "api.py:_evaluate_live_frame", "message": "side_reach evaluation", "data": {"side": "left", "feedback_code": "reach_left", "completed": false, "consecutive_samples": 0, "landmark_count": 12}, "timestamp": 1785082578647}
{"sessionId": "583a4f", "hypothesisId": "H6-H9", "location": "api.py:_evaluate_live_frame", "message": "side_reach evaluation", "data": {"side": "left", "feedback_code": "reach_left", "completed": false, "consecutive_samples": 0, "landmark_count": 12}, "timestamp": 1785082579627}
{"sessionId": "583a4f", "hypothesisId": "H6-H9", "location": "api.py:_evaluate_live_frame", "message": "side_reach evaluation", "data": {"side": "left", "feedback_code": "reach_left", "completed": false, "consecutive_samples": 0, "landmark_count": 12}, "timestamp": 1785082581545}
{"sessionId": "583a4f", "hypothesisId": "H6-H9", "location": "api.py:_evaluate_live_frame", "message": "side_reach evaluation", "data": {"side": "left", "feedback_code": "reach_left", "completed": false, "consecutive_samples": 0, "landmark_count": 12}, "timestamp": 1785082584736}
{"sessionId": "583a4f", "hypothesisId": "H6-H9", "location": "api.py:_evaluate_live_frame", "message": "side_reach evaluation", "data": {"side": "left", "feedback_code": "reach_left", "completed": false, "consecutive_samples": 0, "landmark_count": 12}, "timestamp": 1785082585668}
{"sessionId": "583a4f", "hypothesisId": "H6-H9", "location": "api.py:_evaluate_live_frame", "message": "side_reach evaluation", "data": {"side": "left", "feedback_code": "reach_left", "completed": false, "consecutive_samples": 0, "landmark_count": 12}, "timestamp": 1785082586646}
{"sessionId": "583a4f", "hypothesisId": "H6-H9", "location": "api.py:_evaluate_live_frame", "message": "side_reach evaluation", "data": {"side": "left", "feedback_code": "reach_left", "completed": false, "consecutive_samples": 0, "landmark_count": 12}, "timestamp": 1785082587799}
{"sessionId": "583a4f", "hypothesisId": "H6-H9", "location": "api.py:_evaluate_live_frame", "message": "side_reach evaluation", "data": {"side": "left", "feedback_code": "reach_left", "completed": false, "consecutive_samples": 0, "landmark_count": 12}, "timestamp": 1785082588677}
{"sessionId": "583a4f", "hypothesisId": "H6-H9", "location": "api.py:_evaluate_live_frame", "message": "side_reach evaluation", "data": {"side": "left", "feedback_code": "reach_left", "completed": false, "consecutive_samples": 0, "landmark_count": 12}, "timestamp": 1785082589906}
{"sessionId": "583a4f", "hypothesisId": "H6-H9", "location": "api.py:_evaluate_live_frame", "message": "side_reach evaluation", "data": {"side": "left", "feedback_code": "full_body_missing", "completed": false, "consecutive_samples": 0, "landmark_count": 12}, "timestamp": 1785082590528}
{"sessionId": "583a4f", "hypothesisId": "H6-H9", "location": "api.py:_evaluate_live_frame", "message": "side_reach evaluation", "data": {"side": "left", "feedback_code": "reach_left", "completed": false, "consecutive_samples": 0, "landmark_count": 12}, "timestamp": 1785082592633}
{"sessionId": "583a4f", "hypothesisId": "H6-H9", "location": "api.py:_evaluate_live_frame", "message": "side_reach evaluation", "data": {"side": "left", "feedback_code": "reach_left", "completed": false, "consecutive_samples": 0, "landmark_count": 12}, "timestamp": 1785082593837}
{"sessionId": "583a4f", "hypothesisId": "H6-H9", "location": "api.py:_evaluate_live_frame", "message": "side_reach evaluation", "data": {"side": "left", "feedback_code": "reach_left", "completed": false, "consecutive_samples": 0, "landmark_count": 12}, "timestamp": 1785082594554}
{"sessionId": "583a4f", "hypothesisId": "H6-H9", "location": "api.py:_evaluate_live_frame", "message": "side_reach evaluation", "data": {"side": "left", "feedback_code": "reach_left", "completed": false, "consecutive_samples": 0, "landmark_count": 12}, "timestamp": 1785082595622}
{"sessionId": "583a4f", "hypothesisId": "H6-H9", "location": "api.py:_evaluate_live_frame", "message": "side_reach evaluation", "data": {"side": "left", "feedback_code": "reach_left", "completed": false, "consecutive_samples": 0, "landmark_count": 12}, "timestamp": 1785082596668}
{"sessionId": "583a4f", "hypothesisId": "H6-H9", "location": "api.py:_evaluate_live_frame", "message": "side_reach evaluation", "data": {"side": "left", "feedback_code": "hold", "completed": false, "consecutive_samples": 1, "landmark_count": 12}, "timestamp": 1785082597666}
{"sessionId": "583a4f", "hypothesisId": "H6-H9", "location": "api.py:_evaluate_live_frame", "message": "side_reach evaluation", "data": {"side": "left", "feedback_code": "great", "completed": true, "consecutive_samples": 2, "landmark_count": 12}, "timestamp": 1785082598837}
{"sessionId": "583a4f", "hypothesisId": "H3-H5", "location": "scoring.py:process_result", "message": "star awarded on completion", "data": {"movement": "side_reach", "stars_awarded": 1, "total_stars": 19, "attempt_count": 23}, "timestamp": 1785082598840}
{"sessionId": "583a4f", "hypothesisId": "H6-H9", "location": "api.py:_evaluate_live_frame", "message": "side_reach evaluation", "data": {"side": "right", "feedback_code": "reach_right", "completed": false, "consecutive_samples": 0, "landmark_count": 12}, "timestamp": 1785082610447}
{"sessionId": "583a4f", "hypothesisId": "H6-H9", "location": "api.py:_evaluate_live_frame", "message": "side_reach evaluation", "data": {"side": "right", "feedback_code": "reach_right", "completed": false, "consecutive_samples": 0, "landmark_count": 12}, "timestamp": 1785082611559}
{"sessionId": "583a4f", "hypothesisId": "H6-H9", "location": "api.py:_evaluate_live_frame", "message": "side_reach evaluation", "data": {"side": "right", "feedback_code": "reach_right", "completed": false, "consecutive_samples": 0, "landmark_count": 12}, "timestamp": 1785082612482}
{"sessionId": "583a4f", "hypothesisId": "H6-H9", "location": "api.py:_evaluate_live_frame", "message": "side_reach evaluation", "data": {"side": "right", "feedback_code": "reach_right", "completed": false, "consecutive_samples": 0, "landmark_count": 12}, "timestamp": 1785082613466}
{"sessionId": "583a4f", "hypothesisId": "H6-H9", "location": "api.py:_evaluate_live_frame", "message": "side_reach evaluation", "data": {"side": "right", "feedback_code": "reach_right", "completed": false, "consecutive_samples": 0, "landmark_count": 12}, "timestamp": 1785082614614}
{"sessionId": "583a4f", "hypothesisId": "H6-H9", "location": "api.py:_evaluate_live_frame", "message": "side_reach evaluation", "data": {"side": "right", "feedback_code": "reach_right", "completed": false, "consecutive_samples": 0, "landmark_count": 12}, "timestamp": 1785082615659}
{"sessionId": "583a4f", "hypothesisId": "H6-H9", "location": "api.py:_evaluate_live_frame", "message": "side_reach evaluation", "data": {"side": "right", "feedback_code": "reach_right", "completed": false, "consecutive_samples": 0, "landmark_count": 12}, "timestamp": 1785082616465}
{"sessionId": "583a4f", "hypothesisId": "H6-H9", "location": "api.py:_evaluate_live_frame", "message": "side_reach evaluation", "data": {"side": "right", "feedback_code": "reach_right", "completed": false, "consecutive_samples": 0, "landmark_count": 12}, "timestamp": 1785082617667}
{"sessionId": "583a4f", "hypothesisId": "H6-H9", "location": "api.py:_evaluate_live_frame", "message": "side_reach evaluation", "data": {"side": "right", "feedback_code": "reach_right", "completed": false, "consecutive_samples": 0, "landmark_count": 12}, "timestamp": 1785082618638}
{"sessionId": "583a4f", "hypothesisId": "H6-H9", "location": "api.py:_evaluate_live_frame", "message": "side_reach evaluation", "data": {"side": "right", "feedback_code": "reach_right", "completed": false, "consecutive_samples": 0, "landmark_count": 12}, "timestamp": 1785082619520}
{"sessionId": "583a4f", "hypothesisId": "H6-H9", "location": "api.py:_evaluate_live_frame", "message": "side_reach evaluation", "data": {"side": "right", "feedback_code": "reach_right", "completed": false, "consecutive_samples": 0, "landmark_count": 12}, "timestamp": 1785082620490}
{"sessionId": "583a4f", "hypothesisId": "H6-H9", "location": "api.py:_evaluate_live_frame", "message": "side_reach evaluation", "data": {"side": "right", "feedback_code": "reach_right", "completed": false, "consecutive_samples": 0, "landmark_count": 12}, "timestamp": 1785082621559}
{"sessionId": "583a4f", "hypothesisId": "H6-H9", "location": "api.py:_evaluate_live_frame", "message": "side_reach evaluation", "data": {"side": "right", "feedback_code": "reach_right", "completed": false, "consecutive_samples": 0, "landmark_count": 12}, "timestamp": 1785082622517}
{"sessionId": "583a4f", "hypothesisId": "H6-H9", "location": "api.py:_evaluate_live_frame", "message": "side_reach evaluation", "data": {"side": "right", "feedback_code": "reach_right", "completed": false, "consecutive_samples": 0, "landmark_count": 12}, "timestamp": 1785082623649}
{"sessionId": "583a4f", "hypothesisId": "H6-H9", "location": "api.py:_evaluate_live_frame", "message": "side_reach evaluation", "data": {"side": "right", "feedback_code": "reach_right", "completed": false, "consecutive_samples": 0, "landmark_count": 12}, "timestamp": 1785082624451}
{"sessionId": "583a4f", "hypothesisId": "H6-H9", "location": "api.py:_evaluate_live_frame", "message": "side_reach evaluation", "data": {"side": "right", "feedback_code": "hold", "completed": false, "consecutive_samples": 1, "landmark_count": 12}, "timestamp": 1785082625706}
{"sessionId": "583a4f", "hypothesisId": "H6-H9", "location": "api.py:_evaluate_live_frame", "message": "side_reach evaluation", "data": {"side": "right", "feedback_code": "reach_right", "completed": false, "consecutive_samples": 0, "landmark_count": 12}, "timestamp": 1785082626503}
{"sessionId": "583a4f", "hypothesisId": "H6-H9", "location": "api.py:_evaluate_live_frame", "message": "side_reach evaluation", "data": {"side": "right", "feedback_code": "reach_right", "completed": false, "consecutive_samples": 0, "landmark_count": 12}, "timestamp": 1785082627506}
{"sessionId": "583a4f", "hypothesisId": "H6-H9", "location": "api.py:_evaluate_live_frame", "message": "side_reach evaluation", "data": {"side": "right", "feedback_code": "reach_right", "completed": false, "consecutive_samples": 0, "landmark_count": 12}, "timestamp": 1785082628488}
{"sessionId": "583a4f", "hypothesisId": "H6-H9", "location": "api.py:_evaluate_live_frame", "message": "side_reach evaluation", "data": {"side": "right", "feedback_code": "hold", "completed": false, "consecutive_samples": 1, "landmark_count": 12}, "timestamp": 1785082629626}
{"sessionId": "583a4f", "hypothesisId": "H6-H9", "location": "api.py:_evaluate_live_frame", "message": "side_reach evaluation", "data": {"side": "right", "feedback_code": "great", "completed": true, "consecutive_samples": 2, "landmark_count": 12}, "timestamp": 1785082630509}
{"sessionId": "583a4f", "hypothesisId": "H3-H5", "location": "scoring.py:process_result", "message": "star awarded on completion", "data": {"movement": "side_reach", "stars_awarded": 1, "total_stars": 20, "attempt_count": 24}, "timestamp": 1785082630512}
{"sessionId": "583a4f", "hypothesisId": "H3-H5", "location": "scoring.py:process_result", "message": "star awarded on completion", "data": {"movement": "raise_both_arms", "stars_awarded": 1, "total_stars": 21, "attempt_count": 25}, "timestamp": 1785083965907}
{"sessionId": "583a4f", "hypothesisId": "H6-H9", "location": "api.py:_evaluate_live_frame", "message": "side_reach evaluation", "data": {"side": "left", "feedback_code": "reach_left", "completed": false, "consecutive_samples": 0, "landmark_count": 12}, "timestamp": 1785083980652}
{"sessionId": "583a4f", "hypothesisId": "H6-H9", "location": "api.py:_evaluate_live_frame", "message": "side_reach evaluation", "data": {"side": "left", "feedback_code": "reach_left", "completed": false, "consecutive_samples": 0, "landmark_count": 12}, "timestamp": 1785083982525}
{"sessionId": "583a4f", "hypothesisId": "H6-H9", "location": "api.py:_evaluate_live_frame", "message": "side_reach evaluation", "data": {"side": "left", "feedback_code": "reach_left", "completed": false, "consecutive_samples": 0, "landmark_count": 12}, "timestamp": 1785083984505}
{"sessionId": "583a4f", "hypothesisId": "H6-H9", "location": "api.py:_evaluate_live_frame", "message": "side_reach evaluation", "data": {"side": "left", "feedback_code": "reach_left", "completed": false, "consecutive_samples": 0, "landmark_count": 12}, "timestamp": 1785083989288}
{"sessionId": "583a4f", "hypothesisId": "H6-H9", "location": "api.py:_evaluate_live_frame", "message": "side_reach evaluation", "data": {"side": "left", "feedback_code": "reach_left", "completed": false, "consecutive_samples": 0, "landmark_count": 12}, "timestamp": 1785083990229}
{"sessionId": "583a4f", "hypothesisId": "H6-H9", "location": "api.py:_evaluate_live_frame", "message": "side_reach evaluation", "data": {"side": "left", "feedback_code": "reach_left", "completed": false, "consecutive_samples": 0, "landmark_count": 12}, "timestamp": 1785083992269}
{"sessionId": "583a4f", "hypothesisId": "H6-H9", "location": "api.py:_evaluate_live_frame", "message": "side_reach evaluation", "data": {"side": "left", "feedback_code": "reach_left", "completed": false, "consecutive_samples": 0, "landmark_count": 12}, "timestamp": 1785083993313}
{"sessionId": "583a4f", "hypothesisId": "H6-H9", "location": "api.py:_evaluate_live_frame", "message": "side_reach evaluation", "data": {"side": "left", "feedback_code": "reach_left", "completed": false, "consecutive_samples": 0, "landmark_count": 12}, "timestamp": 1785083994304}
{"sessionId": "583a4f", "hypothesisId": "H6-H9", "location": "api.py:_evaluate_live_frame", "message": "side_reach evaluation", "data": {"side": "left", "feedback_code": "hold", "completed": false, "consecutive_samples": 1, "landmark_count": 12}, "timestamp": 1785083995496}
{"sessionId": "583a4f", "hypothesisId": "H6-H9", "location": "api.py:_evaluate_live_frame", "message": "side_reach evaluation", "data": {"side": "left", "feedback_code": "great", "completed": true, "consecutive_samples": 2, "landmark_count": 12}, "timestamp": 1785083997489}
{"sessionId": "583a4f", "hypothesisId": "H3-H5", "location": "scoring.py:process_result", "message": "star awarded on completion", "data": {"movement": "side_reach", "stars_awarded": 1, "total_stars": 22, "attempt_count": 26}, "timestamp": 1785083997490}
{"sessionId": "583a4f", "hypothesisId": "H6-H9", "location": "api.py:_evaluate_live_frame", "message": "side_reach evaluation", "data": {"side": "right", "feedback_code": "reach_right", "completed": false, "consecutive_samples": 0, "landmark_count": 12}, "timestamp": 1785084008615}
{"sessionId": "583a4f", "hypothesisId": "H6-H9", "location": "api.py:_evaluate_live_frame", "message": "side_reach evaluation", "data": {"side": "right", "feedback_code": "reach_right", "completed": false, "consecutive_samples": 0, "landmark_count": 12}, "timestamp": 1785084010412}
{"sessionId": "583a4f", "hypothesisId": "H6-H9", "location": "api.py:_evaluate_live_frame", "message": "side_reach evaluation", "data": {"side": "right", "feedback_code": "reach_right", "completed": false, "consecutive_samples": 0, "landmark_count": 12}, "timestamp": 1785084012315}
{"sessionId": "583a4f", "hypothesisId": "H6-H9", "location": "api.py:_evaluate_live_frame", "message": "side_reach evaluation", "data": {"side": "right", "feedback_code": "reach_right", "completed": false, "consecutive_samples": 0, "landmark_count": 12}, "timestamp": 1785084014273}
{"sessionId": "583a4f", "hypothesisId": "H6-H9", "location": "api.py:_evaluate_live_frame", "message": "side_reach evaluation", "data": {"side": "right", "feedback_code": "reach_right", "completed": false, "consecutive_samples": 0, "landmark_count": 12}, "timestamp": 1785084016297}
{"sessionId": "583a4f", "hypothesisId": "H6-H9", "location": "api.py:_evaluate_live_frame", "message": "side_reach evaluation", "data": {"side": "right", "feedback_code": "reach_right", "completed": false, "consecutive_samples": 0, "landmark_count": 12}, "timestamp": 1785084018333}
{"sessionId": "583a4f", "hypothesisId": "H6-H9", "location": "api.py:_evaluate_live_frame", "message": "side_reach evaluation", "data": {"side": "right", "feedback_code": "reach_right", "completed": false, "consecutive_samples": 0, "landmark_count": 12}, "timestamp": 1785084020230}
{"sessionId": "583a4f", "hypothesisId": "H6-H9", "location": "api.py:_evaluate_live_frame", "message": "side_reach evaluation", "data": {"side": "right", "feedback_code": "reach_right", "completed": false, "consecutive_samples": 0, "landmark_count": 12}, "timestamp": 1785084022299}
{"sessionId": "583a4f", "hypothesisId": "H6-H9", "location": "api.py:_evaluate_live_frame", "message": "side_reach evaluation", "data": {"side": "right", "feedback_code": "reach_right", "completed": false, "consecutive_samples": 0, "landmark_count": 12}, "timestamp": 1785084024324}
{"sessionId": "583a4f", "hypothesisId": "H6-H9", "location": "api.py:_evaluate_live_frame", "message": "side_reach evaluation", "data": {"side": "right", "feedback_code": "reach_right", "completed": false, "consecutive_samples": 0, "landmark_count": 12}, "timestamp": 1785084026331}
{"sessionId": "583a4f", "hypothesisId": "H6-H9", "location": "api.py:_evaluate_live_frame", "message": "side_reach evaluation", "data": {"side": "right", "feedback_code": "hold", "completed": false, "consecutive_samples": 1, "landmark_count": 12}, "timestamp": 1785084028326}
{"sessionId": "583a4f", "hypothesisId": "H6-H9", "location": "api.py:_evaluate_live_frame", "message": "side_reach evaluation", "data": {"side": "right", "feedback_code": "reach_right", "completed": false, "consecutive_samples": 0, "landmark_count": 12}, "timestamp": 1785084030368}
{"sessionId": "583a4f", "hypothesisId": "H6-H9", "location": "api.py:_evaluate_live_frame", "message": "side_reach evaluation", "data": {"side": "right", "feedback_code": "reach_right", "completed": false, "consecutive_samples": 0, "landmark_count": 12}, "timestamp": 1785084032387}
{"sessionId": "583a4f", "hypothesisId": "H3-H5", "location": "scoring.py:process_result", "message": "star awarded on completion", "data": {"movement": "raise_both_arms", "stars_awarded": 1, "total_stars": 23, "attempt_count": 28}, "timestamp": 1785084045552}
{"sessionId": "583a4f", "hypothesisId": "H3-H5", "location": "scoring.py:process_result", "message": "star awarded on completion", "data": {"movement": "knee_lift_or_step", "stars_awarded": 1, "total_stars": 24, "attempt_count": 29}, "timestamp": 1785084078579}
{"sessionId": "583a4f", "hypothesisId": "H3-H5", "location": "scoring.py:process_result", "message": "star awarded on completion", "data": {"movement": "knee_lift_or_step", "stars_awarded": 1, "total_stars": 25, "attempt_count": 30}, "timestamp": 1785084100230}
